SampleID,VanA
1015P,0
1015Q,0
1015T,0
1015U,1
1015V,1
1015W,1
1015X,0
1022C,0
1024G,0
1037E,0
1037F,0
1037G,0
1042BB,0
1042JJ,0
1042KK,0
1045F,0
1045G,0
1045H,0
1045I,1
1045J,1
1045L,1
1045M,1
1045N,1
1045O,1
1045P,1
1050E,0
1053D,0
1053E,0
1053F,0
1053G,0
1053H,0
1053I,0
1053J,0
1053K,0
1053L,0
1053M,0
1053N,0
1053O,0
1053P,0
1054E,0
1082B,0
1082C,0
1088N,0
1092L,1
1092O,1
1092P,1
1094B,0
1096C,0
1096D,0
1098F,0
1106D,0
1106E,0
1106F,0
1107R,1
1107T,1
1108I,0
1112D,0
1112E,0
1112F,0
1117C,0
1117D,0
1117E,0
1119F,0
1119G,0
1121D,0
1123F,0
1123G,0
1123H,0
1123I,0
1123J,0
1123K,0
1123L,0
1123M,0
1123N,1
1123O,1
1123P,1
1123Q,1
1123R,1
1123S,1
1123T,1
1123U,1
1123V,1
1123W,0
1124E,0
1124F,0
1124G,0
1124H,0
1127D,0
1127E,0
1128D,0
1128E,0
1128F,0
1130A,0
1130B,0
1133D,1
1133E,1
1135A,0
1135C,0
1135D,0
1136A,0
1136E,0
1136F,0
1136G,0
1137A,0
1138A,0
1138B,0
1138C,0
1139A,1
1140B,0
1140D,0
1140F,0
1140G,0
1141B,0
1141D,0
1141E,0
1142B,0
1142C,0
1143A,0
1143C,0
1144B,0
1144E,0
1145C,0
1145D,0
1145E,0
1147A,0
1147B,0
1147C,0
1148B,0
1148C,0
1150B,0
1150D,0
1151B,0
1151D,0
1151F,0
1151G,0
1151H,0
1152A,0
1152C,0
1153A,0
1154A,1
1154B,1
1154E,0
1154H,1
1154I,1
1154J,1
1155A,0
1155B,0
1156A,0
1156B,0
1157A,0
1157B,0
1157C,0
1157D,0
1157DD,0
1157E,0
1157K,0
1157L,0
1157M,0
1157S,0
1157T,0
1157U,0
1157V,0
1157W,0
1157X,0
1157Y,0
1157Z,0
1158A,0
1158B,0
1158C,0
1158D,0
1158E,0
1158G,1
1158H,1
1158I,1
1158J,1
1158K,1
1158L,0
1158M,1
1158N,1
1158R,0
1158S,0
1158T,0
1158U,0
1158V,0
1159A,0
1160A,0
1160C,0
1160D,0
1160E,0
1160F,0
1160G,0
1160H,0
1160I,0
1160J,0
1160K,0
1160L,0
1160M,0
1160N,0
1160O,0
1160P,0
1160Q,0
1160R,0
1160S,0
1160T,0
1160U,0
1160V,0
1161B,0
1161C,0
1161D,0
1161E,0
1161F,0
1161G,0
1161I,0
1161J,0
1161K,0
1161L,0
1161M,0
1161N,0
1161O,0
1161P,0
1161Q,0
1162A,0
1162B,0
1162C,0
1163A,0
1163B,0
1163E,0
1163G,0
1163H,0
1163I,0
1163J,0
1163L,0
1163M,0
1163N,0
1163O,0
1163R,0
1163S,0
1163T,0
1163U,0
1165D,0
1165E,0
1166B,0
1167A,0
1167AA,0
1167C,0
1167D,0
1167DD,0
1167EE,0
1167F,0
1167FF,0
1167G,0
1167GG,0
1167I,0
1167MM,0
1167PP,0
1167RR,0
1167SS,0
1167TT,0
1167UU,1
1167VV,1
1167W,0
1167WW,1
1167Y,0
1167YY,1
1169C,0
1170A,0
1170B,0
1170C,0
1170D,0
1170E,0
1170F,0
1170G,0
1170H,0
1170I,0
1170J,0
1170K,0
1170L,0
1170M,0
1170O,0
1170Q,1
1170S,1
1170T,0
1171BB,0
1171CC,0
1171DD,0
1171E,0
1171EE,0
1171F,0
1171FF,0
1171J,0
1171K,0
1171L,0
1171M,0
1171P,0
1171Q,0
1171R,0
1171S,0
1171V,0
1172B,0
1172C,1
1172D,0
1172E,0
1173C,0
1173F,0
1173G,0
1173K,0
1173N,0
1173P,0
1173Q,0
1173R,0
1173S,0
1173T,0
1174D,0
1174E,0
1174G,0
1174I,0
1174J,0
1174K,0
1174M,0
1175D,1
1176A,1
1176B,1
1176C,1
1176D,1
1176E,1
1176F,1
1176G,1
1176H,1
1176I,1
1176K,1
1176L,1
1176M,1
1176N,1
1176O,1
1176P,1
1176Q,1
1176R,1
1176S,1
1176T,1
1176U,1
1176V,1
1177B,0
1177C,0
1178B,0
1178C,0
1178D,0
1179A,1
1179B,1
1179C,1
1179D,1
1179E,1
1179F,1
1179G,1
1179H,1
1179I,1
1179J,1
1179K,1
1179L,1
1179M,1
1179N,1
1179O,1
1179P,1
1179Q,1
1179R,1
1179S,1
1179T,1
1179U,1
1179V,1
1179W,1
1179X,1
1179Y,1
1180A,0
1180C,0
1181B,0
1181C,0
1182B,0
1182C,0
1182D,0
1183A,0
1183B,0
1184A,0
1184C,0
1184D,0
1184E,0
1184F,0
1184H,1
1184J,0
1186B,0
1186C,0
1186D,0
1186E,0
1186U,0
1186V,0
1186W,0
1187A,0
1187C,0
1188A,0
1188B,0
1189B,0
1189C,0
1189D,0
1189E,0
1190A,1
1190B,0
1191A,0
1191D,0
1191E,0
1191F,0
1191G,0
1191Q,0
1191R,0
1191T,0
1191U,0
1191V,0
1191W,0
1191X,0
1191Y,0
1191Z,0
1192A,0
1192B,0
1192C,0
1192D,0
1192E,0
1192F,0
1192G,0
1192H,1
1192K,1
1192L,1
1192M,1
1192MM,1
1192N,1
1192NN,1
1192O,1
1192OO,1
1192P,1
1192PP,1
1192Q,1
1192QQ,1
1192RR,1
1192S,0
1192SS,1
1192T,0
1192TT,1
1192U,1
1192V,1
1192W,1
1193A,0
1193B,0
1193C,0
1193D,0
1193E,0
1193F,0
1193G,0
1193H,0
1193J,0
1193K,0
1193M,0
1193N,1
1194A,0
1195C,1
1195D,1
1195DD,1
1195E,1
1195EE,1
1195F,1
1195FF,1
1195GG,1
1195HH,1
1195II,1
1195R,1
1195S,1
1195T,1
1195W,1
1195X,1
1195Y,1
1196A,0
1196B,0
1196C,0
1196R,0
1197B,0
1197C,1
1197J,1
1199B,0
1200A,1
1200B,1
1201A,0
1201B,0
1201C,0
1202A,1
1202P,1
1202Q,1
1202S,1
1202U,0
1202V,0
1202W,1
1203A,1
1203B,0
1203C,0
1203D,0
1203E,0
1203F,0
1203G,1
1203H,1
1203I,1
1203J,1
1203K,1
1203L,1
1203M,1
1203N,0
1203O,0
1203P,0
1203Q,0
1203R,0
1203S,1
1203T,1
1203V,1
1203W,1
1203X,1
1203Y,1
1205E,0
1205F,0
1205G,0
1206C,0
1206D,1
1206F,1
1207A,0
1207AA,0
1207B,0
1207BB,0
1207C,0
1207CC,0
1207D,0
1207E,0
1207F,0
1207G,0
1207H,0
1207J,0
1207L,0
1207M,0
1207N,0
1207P,0
1207Q,0
1207R,0
1207S,0
1207V,0
1207W,0
1207X,0
1207Y,0
1207Z,0
1208D,1
1209G,0
1209H,0
1209J,0
1209K,0
1210BB,1
1210CC,0
1210DD,0
1210EE,0
1210GG,0
1210HH,0
1210II,0
1210K,1
1210N,1
1210O,1
1210P,0
1210Q,1
1210W,1
1210X,1
1210Y,1
1213B,0
1215F,0
1215H,0
1217CC,1
1217D,1
1217DD,1
1217F,1
1217G,1
1217L,1
1217N,1
1217O,1
1217P,1
1217Q,1
1217U,1
1217W,1
1218A,0
1218C,0
1219B,0
1220E,0
1220H,0
1221A,0
1221H,0
1221I,0
1221Q,0
1221T,0
1221U,0
1221V,0
1221W,0
1222A,0
1222B,0
1222C,0
1222D,0
1223A,0
1223C,0
1224B,0
1225A,0
1225C,0
1225D,0
1225E,0
1225F,0
1225G,0
1225H,0
1226A,0
1226G,0
1227A,0
1228A,0
1228B,0
1228C,0
1229K,0
1229L,0
1229M,0
1229N,0
1229O,0
1229Q,0
1229R,0
1229V,0
1230AA,1
1230B,0
1230BB,1
1230C,0
1230CC,1
1230D,0
1230DD,1
1230E,0
1230EE,1
1230F,0
1230FF,1
1230GG,1
1230H,0
1230I,0
1230J,0
1230K,0
1230L,0
1230M,0
1230N,0
1230P,0
1230U,0
1230V,0
1230W,1
1230X,1
1230Y,0
1230Z,1
1231B,0
1231D,0
1231E,0
1231F,0
1231G,0
1232B,0
1233AA,0
1233BB,0
1233CC,0
1233DD,0
1233E,0
1233EE,0
1233FF,0
1233K,0
1233L,0
1233M,0
1233W,0
1233Y,0
1233Z,0
1234B,1
1234E,1
1234F,1
1234G,1
1234H,1
1234I,1
1234J,0
1234K,1
1234L,1
1234M,1
1235E,0
1235H,0
1236C,0
1237B,0
1237C,0
1238A,0
1239H,0
1239I,0
1240B,0
1242A,0
1243CC,0
1243DD,0
1243EE,0
1243FF,0
1243GG,0
1243H,0
1243HH,0
1243I,0
1243K,0
1243L,0
1243N,0
1243O,0
1243Q,0
1243S,0
1243U,0
1243W,0
1243X,0
1243Y,0
1243Z,0
1244B,0
1244C,0
1244D,0
1244E,0
1244F,0
1244G,0
1244H,0
1244I,0
1244J,0
1244K,0
1244L,0
1244M,0
1244N,0
1244O,0
1244P,0
1245A,0
1245D,0
1245E,0
1245F,0
1245G,0
1245H,0
1245I,0
1245J,0
1245K,0
1245L,0
1245M,0
1245N,0
1245O,0
1245P,0
1246A,0
1246B,0
1246C,0
1246D,0
1246E,0
1246F,0
1246G,0
1246H,0
1246I,0
1246J,0
1246K,0
1246L,0
1246M,1
1247A,0
1247AA,0
1247B,0
1247BB,0
1247C,0
1247CC,0
1247D,0
1247DD,0
1247G,0
1247H,0
1247J,0
1247K,0
1247L,0
1247M,0
1247N,0
1247O,0
1247P,0
1247Q,0
1247R,0
1247S,0
1247T,0
1247U,0
1247V,0
1247Z,0
1249B,0
1249C,0
1249D,0
1249E,0
1249F,0
1249G,0
1249H,0
1249I,0
1249J,0
1249K,0
1249L,0
1249N,0
1249O,0
1249P,0
1249Q,0
1250B,0
1250D,0
1250G,0
1250H,0
1250I,0
1250J,0
1251A,1
1251B,1
1251C,1
1251D,1
1251E,1
1251F,1
1251G,1
1251H,1
1251I,1
1251K,0
1252A,0
1252AA,1
1252AAA,1
1252B,0
1252BB,1
1252BBB,0
1252C,0
1252CC,1
1252CCC,0
1252D,0
1252DD,1
1252E,0
1252EE,1
1252F,0
1252FF,1
1252G,0
1252GG,1
1252H,0
1252HH,1
1252I,0
1252II,1
1252JJ,1
1252K,0
1252KK,1
1252L,0
1252M,0
1252MM,1
1252N,0
1252NN,1
1252OO,1
1252P,0
1252PP,1
1252Q,0
1252QQ,1
1252RR,1
1252T,1
1252TT,1
1252U,0
1252UU,1
1252V,1
1252VV,0
1252W,1
1252WW,0
1252X,1
1252XX,1
1252Y,1
1252YY,1
1252Z,1
1252ZZ,1
1253B,0
1253C,0
1253D,0
1253E,0
1254A,0
1255A,0
1256C,0
1256D,0
1257A,0
1257D,0
1259C,0
1259D,0
1259E,0
1259F,0
1259G,0
1259H,0
1259I,0
1259J,0
1259K,0
1259L,0
1259O,0
1259P,0
1259R,0
1259S,0
1259T,0
1259U,0
1259V,0
1259W,0
1259X,0
1259Y,0
1260A,0
1261A,0
1261B,0
1261C,0
1261D,0
1261E,0
1261F,0
1261G,0
1261K,0
1261L,0
1261M,0
1261N,0
1261O,0
1261P,0
1261Q,0
1261R,0
1261S,0
1261T,0
1261U,0
1261V,0
1261W,0
1261X,0
1261Y,0
1262E,0
1262I,0
1262J,0
1262K,0
1262L,0
1262M,0
1262N,0
1263B,0
1263C,0
1264A,0
1264B,0
1265B,0
1266A,0
1266C,0
1266D,0
1266E,0
1266F,0
1266G,0
1267A,0
1268A,0
1269A,0
1270A,1
1270B,1
1270C,1
1270D,1
1270E,1
1270F,1
1270G,1
1271A,0
1271D,0
1271E,0
1271H,0
1271I,0
1271J,0
1271K,0
1271M,0
1271O,0
1271P,0
1271Q,0
1271R,0
1271S,0
1271T,0
1271U,0
1271V,0
1272A,0
1272B,0
1273D,0
1273F,1
1273G,0
1274B,0
1274C,0
1274D,0
1274E,0
1274F,0
1274G,0
1274H,0
1274I,0
1275C,0
1276A,0
1276C,0
1276D,0
1276E,0
1276F,0
1276G,0
1276H,0
1276I,0
1277A,0
1277B,0
1277C,0
1277D,0
1277E,1
1277F,1
1277G,1
1277H,1
1277I,1
1277J,1
1277K,1
1277L,1
1277M,1
1277O,0
1277P,0
1277Q,0
1278A,0
1278B,0
1279B,0
1279C,0
1280A,0
1281B,0
1281C,0
1281D,0
1281E,0
1281F,0
1281G,0
1281H,0
1281I,0
1281J,0
1281K,0
1281L,0
1281M,0
1281N,0
1281O,0
1281P,0
1282A,0
1282B,0
1282C,0
1283A,0
1284B,0
1284C,0
1284D,0
1284E,0
1285A,0
1285B,0
1285C,0
1285D,0
1285G,0
1285Q,0
1285R,0
1285S,0
1285T,0
1285U,0
1285V,0
1285W,0
1285X,0
1285Y,0
1286A,0
1286B,0
1287A,0
1287B,0
1287C,0
1287D,0
1287E,0
1288A,0
1288B,0
1288C,0
1289A,0
1289B,0
1289C,0
1289D,0
1289E,0
1290A,0
1290B,0
1290C,0
1290D,0
1290E,0
1290F,0
1290G,0
1290H,0
1290J,0
1290K,0
1290L,0
1290M,0
1290N,0
1290O,0
1290P,1
1290Q,1
1290R,1
1290S,1
1290T,1
1290U,1
1290V,1
1291A,0
1291B,0
1291C,0
1292A,0
1293A,0
1293B,0
1293C,0
1293D,0
1293E,0
1293F,0
1293G,0
1293H,0
1294A,0
1294B,0
1294C,0
1294D,0
1294E,0
1294F,0
1294G,0
1295A,0
1295C,0
1296A,0
1297A,0
1297B,0
1297C,0
1297E,0
1297F,0
1297G,0
1297J,0
1298A,0
1298B,0
1298C,0
1298D,0
1298E,0
1299A,1
1299B,1
1299C,1
1299D,1
1299E,1
1300A,0
1300B,0
1301A,0
1301B,0
1302A,0
1302B,0
1302C,0
1302D,0
1303A,1
1303B,1
1303C,1
1303D,1
1303E,1
1303F,1
1303G,1
1303H,1
1303I,1
1303J,0
1303K,0
1304A,0
1304B,0
1304C,0
1304D,0
1305A,0
1305B,0
1305C,0
1305D,0
1305E,0
1305G,0
1305H,0
1305I,0
1305J,0
1305K,0
1305M,0
1305N,0
1305O,0
1306A,0
1307A,0
1308A,0
1308B,0
1308C,0
1308D,0
1308E,0
1309A,0
1309B,0
1309C,0
1310A,0
1312A,0
1312B,0
1312C,0
1312G,1
1312H,0
1312I,0
1312J,0
1313A,0
1314A,0
1314B,0
1314C,0
1314D,0
1314E,0
1314F,0
1314G,0
1314H,0
1314I,0
1314J,0
1314K,0
1314L,0
1314M,0
1314N,0
1314O,0
1314P,0
1314Q,0
1314R,1
1314S,1
1315A,0
1316A,0
1316B,0
1316C,0
1316D,0
1316E,0
1316F,0
1317A,0
1318A,0
1319A,0
1320A,1
1320B,1
1320C,1
1320D,1
1320E,1
1320F,1
1320G,1
1320H,1
1320M,1
1320N,1
1320O,1
1320P,1
1320Q,1
1320R,1
1320S,0
1320T,0
1321A,0
1321B,0
1321C,0
1321D,0
1321E,0
1321G,0
1321H,0
1321I,0
1321J,0
1322A,0
1322B,0
1323A,0
1324A,1
1324B,1
1324C,1
1324E,1
1325A,0
1325B,0
1325C,0
1325D,0
1325E,0
1325F,0
1325G,0
1325H,0
1325I,0
1326A,1
1326C,1
1326D,1
1326E,1
1326F,1
1326G,1
1326H,1
1326I,1
1326J,1
1326K,0
1326L,0
1326N,0
1326O,0
1326P,0
1327A,0
1327B,0
1327C,0
1328B,0
1329A,0
1329B,1
1329C,1
1329D,1
1329E,1
1329F,1
1329G,1
1329H,1
1329I,1
1329J,1
1329K,1
1329L,1
1329M,1
1329N,1
1329O,0
1330A,0
1331A,0
1331B,0
1331C,0
1331D,0
1331E,0
1331F,0
1331G,0
1331H,0
1331I,0
1331J,0
1331K,0
1331L,0
1331M,0
1331N,0
1331O,0
1332A,0
1332B,1
1332C,1
1332D,1
1333A,0
1333B,0
1334A,0
1334B,0
1334C,0
1334D,0
1334E,0
1334F,0
1334G,0
1334H,0
1335A,0
1335B,0
1335C,0
1336A,0
1337A,0
1337B,0
1337C,0
1337D,0
1337E,0
1337F,0
1337G,0
1337H,0
1337I,0
1337J,0
1337K,0
1337L,0
1337M,0
1338A,0
1338B,0
1338C,0
1338D,0
1338E,0
1338F,0
1338G,0
1338H,0
1338I,0
1338J,0
1338K,0
1338L,0
1338M,0
1338N,0
1338O,0
1338Q,0
1338R,0
1338S,0
1338T,0
1338U,0
1339A,0
1339B,0
1339C,0
1339D,0
1339E,0
1339F,0
1339G,0
1339H,0
1339I,0
1339J,0
1339K,0
1340A,0
1340B,0
1343A,0
1343B,0
1344A,0
1344B,0
1344E,0
1344F,0
1345A,0
1345B,0
1345C,0
1345D,0
1345E,0
1345I,0
1345J,0
1345K,0
1346A,0
1346B,0
1346C,0
1346D,0
1347A,0
1347B,0
1347C,1
1347D,1
1348A,0
1349A,0
1349B,0
1349C,0
1349D,0
1350A,0
1350C,0
1350D,0
1350E,0
1350F,0
1351B,1
1351D,1
1351E,1
1351F,1
1351G,1
1351I,1
1351J,1
1351L,1
1352A,1
1352B,1
1352C,1
1353A,1
1353B,1
1353C,1
1353D,1
1353E,1
1353F,1
1353G,1
1353H,1
1353I,1
1353J,1
1353K,1
1353L,1
1353M,1
1353N,1
1353O,0
1353P,0
1354A,0
1354B,0
1354E,0
1354G,0
1354H,0
1354I,0
1354J,0
1354K,1
1354L,1
1354M,1
1354O,1
1354P,1
1354Q,1
1354R,0
1354S,0
1354T,0
1354U,0
1354V,0
1355A,0
1356A,0
1356B,0
1357A,0
1358A,0
1358B,0
1359A,0
1360A,0
1360B,0
1361A,0
1361B,0
1361C,0
1361D,0
1361E,0
1361F,0
1361G,0
1361H,0
1361I,1
1361J,0
1361K,0
1361L,0
1361M,0
1361N,0
1361Q,0
1361R,0
1361S,0
1361T,0
1361U,0
1361V,0
1361W,0
1361X,0
1361Y,0
1362A,0
1362AA,1
1362B,0
1362BB,1
1362C,0
1362D,0
1362E,0
1362F,0
1362G,0
1362H,0
1362I,0
1362J,0
1362K,0
1362L,0
1362M,0
1362N,0
1362O,1
1362P,1
1362Q,1
1362R,1
1362S,1
1362T,1
1362U,1
1362V,1
1362W,1
1362X,1
1362Y,1
1362Z,1
1363A,0
1364A,0
1364AA,0
1364B,0
1364C,0
1364E,0
1364F,0
1364G,1
1364H,0
1364I,1
1364J,1
1364K,1
1364L,1
1364M,1
1364N,1
1364O,1
1364P,1
1364Q,0
1364R,1
1364S,0
1364T,0
1364U,0
1364V,0
1364W,0
1364X,0
1364Y,0
1365A,0
1365B,0
1365C,0
1366A,0
1366B,0
1366C,0
1366D,1
1366E,1
1366F,1
1366G,1
1366H,1
1366I,1
1366J,1
1366K,1
1366L,1
1366M,1
1366N,1
1366O,1
1366P,1
1366Q,1
1366R,1
1366S,1
1366T,1
1366U,1
1366V,1
1366W,1
1366X,0
1366Y,0
1367A,0
1367B,0
1368A,0
1369A,0
1369B,1
1370A,0
1370B,0
1370C,0
1370D,0
1371A,0
1371B,0
1371C,0
1371D,0
1371H,0
1372A,0
1372B,0
1372D,0
1372E,0
1372H,0
1372I,0
1372J,0
1372K,0
1372L,0
1372M,0
1372N,0
1372O,0
1372P,0
1372Q,0
1372R,0
1372S,0
1372T,0
1373A,0
1373B,0
1373C,0
1373D,0
1374A,0
1374B,0
1375A,0
1375B,0
1375C,0
1375D,0
1376A,0
1376B,0
1376C,0
1376D,0
1376E,0
1376F,0
1377A,0
1378A,1
1378B,0
1378D,0
1379A,0
1379B,0
1379C,0
1379D,0
1379E,0
1379F,0
1379G,0
1379H,0
1379I,0
1379J,0
1379K,0
1379L,0
1379M,0
1379N,0
1379O,0
1380A,0
1380B,0
1380C,0
1380D,0
1380E,0
1380F,0
1380G,0
1380H,0
1380I,0
1380J,0
1380K,0
1380L,0
1380N,0
1381A,1
1381AA,0
1381B,1
1381C,1
1381D,1
1381E,1
1381F,1
1381G,1
1381H,1
1381I,1
1381J,1
1381K,1
1381L,1
1381M,1
1381N,1
1381O,1
1381P,1
1381Q,1
1381S,1
1381T,1
1381U,1
1381V,1
1381W,1
1381X,1
1381Z,1
1382A,0
1384A,0
1384B,0
1385A,0
1385B,0
1385C,0
1385D,0
1387A,0
1387B,0
1387C,0
1387D,0
1388A,0
1388B,0
1388C,0
1388D,0
1388E,0
1388F,0
1388G,0
1388H,0
1388I,0
1388J,0
1388K,0
1388N,1
1388O,1
1388P,1
1388Q,0
1388R,0
1388S,0
1388T,0
1388U,0
1389A,0
1389B,0
1390A,0
1390B,1
1390C,0
1390D,0
1390E,0
1390F,0
1390G,0
1390H,0
1390I,0
1390J,0
1390K,0
1390L,0
1390M,0
1390N,0
1390O,0
1390P,0
1390Q,0
1390R,0
1390S,0
1390T,1
1390U,1
1390V,0
1391A,0
1392A,0
1392B,0
1392C,0
1392D,0
1392E,0
1392F,0
1392G,0
1392H,0
1392I,0
1392J,0
1392K,0
1392L,0
1392M,0
1392O,0
1392P,0
1392Q,0
1392R,0
1393A,0
1393B,0
1393C,0
1393D,0
1393E,0
1393F,0
1393G,0
1393H,0
1393I,0
1393J,0
1393K,0
1393L,0
1393M,0
1394A,1
1394B,1
1394C,1
1394D,1
1394E,1
1394F,1
1394G,1
1394H,1
1394I,1
1394J,1
1394P,1
1394Q,1
1394R,1
1394S,1
1394T,0
1394U,0
1394V,0
1394W,0
1395A,1
1396A,0
1397B,0
1397C,0
1397D,0
1398A,0
1398B,0
1398C,0
1398D,0
1398E,0
1398F,0
1398G,0
1398H,0
1398I,0
1398J,0
1398K,0
1398L,0
1398M,0
1399A,0
1399B,1
1400A,1
1400B,1
1400C,1
1400D,1
1400E,1
1400F,1
1400G,1
1400H,1
1400I,1
1400J,1
1400K,1
1400M,1
1400N,1
1400O,1
1400P,1
1400Q,1
1400R,1
1400S,1
1401A,0
1402A,0
1402B,0
1403A,0
1403B,0
1403C,0
1403D,0
1403E,0
1403F,0
1403G,0
1403H,0
1403I,0
1403J,0
1403K,0
1403L,0
1404A,0
1404D,1
1404E,0
1404F,1
1404G,1
1405A,0
1406A,0
1406B,0
1406C,0
1406D,0
1406E,0
1406G,1
1406H,1
1406I,1
1406J,1
1406K,1
1406L,1
1406N,1
1406O,1
1407B,0
1407C,0
1407D,0
1407E,0
1407F,0
1407G,0
1407H,0
1407I,1
1407J,1
1407K,1
1407R,1
1407S,1
1407T,1
1407U,1
1407V,1
1407W,1
1407X,0
1407Y,0
1408A,0
1409A,0
1409B,0
1409C,0
1409D,1
1409E,1
1409F,1
1409H,1
1409K,1
1409L,1
1409M,1
1409N,1
1409O,1
1410A,0
1410B,0
1410C,0
1410D,0
1411B,0
1411C,0
1411D,0
1412A,0
1412B,0
1412C,0
1413A,0
1413B,0
1413C,0
1413D,0
1414A,0
1414B,0
1414C,0
1414D,0
1414E,0
1414F,0
1414G,0
1414H,0
1414I,0
1414J,0
1415A,0
1415B,0
1415C,0
1415D,0
1415E,0
1415F,0
1415G,0
1415H,0
1416A,0
1417A,0
1417B,0
1418A,0
1418B,0
1418C,0
1418D,0
1419A,0
1419B,0
1419C,0
1420A,0
1420B,0
1420C,0
1420D,0
1421A,0
1421B,0
1421C,0
1421D,0
1421E,0
1422A,0
1423A,0
1423B,0
1423C,0
1424A,0
1424B,1
1424C,1
1425A,0
1425B,0
1425C,0
1425D,0
1425E,0
1425F,0
1426A,0
1426B,0
1426C,0
1426D,0
1427A,0
1427B,0
1427C,0
1428A,0
1428AA,1
1428B,0
1428BB,1
1428C,0
1428CC,1
1428D,0
1428DD,1
1428E,0
1428EE,1
1428F,0
1428G,0
1428GG,1
1428H,1
1428HH,1
1428I,1
1428II,1
1428JJ,1
1428K,1
1428KK,1
1428L,1
1428LL,1
1428M,1
1428MM,1
1428N,1
1428NN,1
1428O,1
1428OO,0
1428P,1
1428Q,1
1428R,1
1428S,1
1428T,1
1428U,1
1428V,1
1428W,1
1428X,1
1428Y,1
1428Z,1
1429A,0
1429C,0
1429D,0
1430A,0
1430B,0
1430D,0
1431A,0
1431B,0
1431C,0
1431D,0
1431E,1
1431F,1
1431G,0
1432A,0
1432B,0
1432C,0
1432D,1
1432F,1
1432G,1
1432H,1
1432I,1
1432J,1
1432K,1
1432L,1
1432M,1
1432N,1
1432O,1
1433A,0
1433B,0
1433C,0
1434A,0
1434B,0
1434C,0
1434D,0
1434E,0
1435A,0
1435B,0
1435C,0
1435D,0
1435E,0
1435F,0
1436A,0
1436B,0
1436C,0
1436D,0
1437A,0
1437B,0
1437C,0
1437D,0
1437E,0
1437G,0
1437H,0
1437I,0
1437K,0
1437L,0
1437M,0
1437N,0
1437O,0
1437P,0
1437Q,0
1437R,0
1437S,0
1437T,0
1437U,0
1437V,0
1437W,0
1437X,0
1438C,0
1438D,0
1438E,0
1438F,0
1439A,0
1439B,0
1439C,0
1440A,0
1440C,0
1441A,0
1442A,0
1442AA,1
1442B,0
1442BB,1
1442C,0
1442CC,1
1442D,0
1442DD,1
1442E,0
1442EE,1
1442F,0
1442FF,1
1442G,0
1442GG,1
1442H,0
1442HH,1
1442I,0
1442II,1
1442J,0
1442JJ,1
1442K,0
1442KK,1
1442L,0
1442M,0
1442N,0
1442O,1
1442P,1
1442Q,1
1442R,1
1442S,1
1442T,1
1442U,1
1442W,1
1442X,1
1442Y,1
1442Z,1
1443A,0
1443B,0
1443C,0
1443D,0
1443E,1
1443F,0
1443G,1
1443H,1
1443I,0
1443K,0
1444A,0
1444B,0
1444C,0
1445A,0
1446A,0
1446B,0
1446C,0
1446D,0
1447B,0
1448A,0
1448B,0
1448C,0
1449A,0
1449B,0
1449D,0
1449E,0
1449F,0
1450A,0
1450B,0
1450C,0
1450D,0
1450E,0
1450F,0
1450G,0
1450H,0
1451A,0
1451B,0
1451C,0
1451D,0
1452A,1
1452B,1
1452C,1
1452E,1
1452F,1
1452H,1
1452I,1
1452J,1
1452K,1
1452L,1
1452M,1
1452N,1
1452O,1
1452P,1
1452Q,1
1452R,1
1452S,1
1452U,1
1452V,1
1453A,0
1453C,0
1454A,0
1454B,0
1454C,0
1455A,0
1455B,0
1455C,0
1455D,0
1455E,0
1455F,0
1455G,0
1456A,0
1457A,0
1458A,0
1459A,0
1459B,0
1459C,0
1459D,0
1459E,0
1460A,0
1460B,0
1460C,0
1460D,0
1460E,1
1460F,1
1460G,1
1460H,1
1460I,1
1460J,1
1460K,1
1460L,1
1460M,1
1460N,1
1460O,1
1460P,0
1461A,0
1461AA,0
1461B,0
1461BB,0
1461C,0
1461CC,0
1461D,0
1461DD,0
1461E,0
1461EE,0
1461F,0
1461G,0
1461H,0
1461I,0
1461J,0
1461K,0
1461L,0
1461M,0
1461N,0
1461O,0
1461P,0
1461Q,0
1461R,0
1461S,0
1461T,0
1461U,0
1461V,0
1461W,0
1461X,0
1461Y,0
1461Z,0
1462A,0
1462B,1
1462C,1
1462D,1
1462E,1
1462F,1
1462G,0
1462H,1
1462I,1
1462J,0
1462K,0
1463A,0
1464A,0
1464B,0
1464C,0
1465A,0
1465B,0
1465C,0
1466A,0
1466B,0
1467A,0
1467B,0
1467C,0
1467D,0
1468A,0
1468B,0
1468C,0
1469A,1
1469B,1
1469C,1
1469D,1
1469E,1
1469F,0
1469G,0
1469H,0
1470A,0
1470B,0
1470C,0
1470D,0
1471A,0
1471B,1
1471C,1
1471D,1
1471E,1
1471F,1
1471G,1
1471H,0
1471I,0
1471J,0
1472A,0
1472B,0
1472C,0
1472D,0
1472E,0
1472F,0
1472G,0
1472H,0
1472I,0
1472J,0
1473B,0
1473C,0
1473D,0
1473E,0
1473F,0
1474A,0
1474B,0
1474C,0
1474D,0
1475A,0
1475B,0
1476A,0
1477A,0
1479A,0
1479B,0
1479C,1
1479D,1
1479E,1
1479G,1
1479H,1
1479I,1
1479J,0
1479K,1
1479L,1
1479M,1
1479N,1
1479O,0
1479P,0
1480A,0
1480B,0
1480C,0
1481A,0
1481AA,0
1481B,0
1481BB,0
1481CC,0
1481D,0
1481DD,0
1481EE,0
1481F,0
1481FF,0
1481G,0
1481GG,0
1481H,0
1481HH,0
1481I,0
1481II,0
1481J,0
1481JJ,0
1481KK,0
1481L,0
1481M,0
1481N,0
1481O,0
1481P,0
1481Q,0
1481R,0
1481S,0
1481T,0
1481U,0
1481V,0
1481W,0
1481X,0
1481Y,0
1481Z,0
1482A,0
1482B,0
1482C,0
1482D,0
1482E,0
1482F,0
1482G,0
1483A,0
1484A,0
1484B,0
1485B,0
1486A,0
1486B,0
1486C,0
1486D,0
1487A,0
1487B,0
1487C,0
1487D,0
1488A,0
1488B,0
1489A,0
1491A,0
1491B,0
1491C,0
1491D,0
1491E,0
1491F,0
1491G,0
1491H,0
1491I,0
1491J,0
1492B,0
1492C,0
1493A,0
1493B,1
1493C,0
1493D,1
1493E,1
1493F,1
1493G,1
1493H,1
1493I,1
1493J,1
1493K,1
1493L,1
1493M,1
1493N,1
1493O,1
1494A,0
1496B,0
1496C,0
1496D,0
1496E,0
1496F,0
1496H,0
1497B,0
1497C,0
1497D,0
1498A,0
1498B,0
1498C,0
1498D,0
1498E,0
1498F,0
1498G,0
1498H,0
1498I,0
1502A,0
1502B,1
1503A,0
1504B,0
1504C,0
1504D,0
1506A,0
1507A,0
1508B,0
1508C,0
1509A,0
1509B,0
1509C,0
1509D,0
1509E,0
1510A,0
1510B,0
1510C,0
1510D,0
1510E,0
1510F,0
1510G,0
1510H,0
1510I,0
1510J,0
1510K,0
1510L,0
1510M,0
1510N,0
1511A,0
1511B,0
1511C,0
1511D,0
1511E,0
1511F,0
1511G,0
1511H,0
1511I,0
1511J,0
1511K,0
1511L,0
1511M,0
1511N,0
1511O,0
1511P,0
1512A,0
1513A,0
1513B,0
1513C,0
1513D,0
1513E,0
1513F,0
1513G,0
1513I,0
1513K,0
1513L,0
1513M,0
1513N,0
1513O,0
1513P,0
1513Q,0
1514B,0
1514C,0
1514D,0
1514E,0
1517A,0
1518A,0
1518B,0
1518C,0
1518D,0
1518E,0
1518F,0
1518G,0
1519B,0
1520B,0
1520C,0
1521A,1
1521B,1
1521C,1
1521D,1
1521E,1
1521F,1
1521G,1
1521H,1
1521J,1
1521K,1
1521L,1
1521M,1
1521N,1
1522A,0
1523A,0
1523B,0
1523C,0
1524A,0
1525A,0
1525B,0
1525C,0
1525D,0
1526A,0
1527A,0
1527B,0
1527C,0
1527D,0
1528A,0
1528AA,0
1528B,0
1528BB,0
1528C,0
1528CC,0
1528D,0
1528DD,0
1528E,0
1528EE,0
1528F,1
1528G,1
1528H,0
1528I,0
1528J,0
1528K,0
1528L,0
1528M,0
1528N,0
1528O,0
1528P,0
1528Q,0
1528R,0
1528S,0
1528T,0
1528U,0
1528V,0
1528W,0
1528X,0
1528Y,0
1529B,0
1529C,0
1530A,0
1530B,0
1530C,0
1530D,0
1530E,0
1530F,0
1530G,0
1530H,0
1530J,0
1530K,0
1530L,0
1530M,0
1530N,0
1530O,0
1530P,0
1530Q,0
1531A,0
1531B,0
1531D,0
1531E,0
1531F,0
1531G,0
1532A,0
1532B,0
1532C,0
1532D,0
1532E,0
1532F,0
1532G,0
1532I,1
1532J,1
1532K,1
1533A,0
1533B,0
1533C,0
1533D,0
1533E,0
1533F,0
1533G,0
1533H,0
1534A,0
1535A,0
1535B,1
1536A,0
1537A,0
1537C,0
1538A,0
1539A,0
1539B,0
1539C,0
1539D,0
1539E,0
1539F,0
1539G,0
1540A,0
1540B,0
1540C,0
1540D,0
1541A,0
1541B,0
1541C,0
1541D,0
1541E,0
1541F,0
1541G,1
1542A,0
1542B,0
1543A,0
1543B,0
1543C,0
1544A,0
1546A,0
1546B,0
1546C,0
1546D,0
1546E,0
1546F,0
1546G,0
1546H,0
1546I,0
1546J,0
1546K,0
1546L,0
1547A,0
1548A,0
1548B,0
1549A,0
1549B,0
1550A,0
1550B,0
1550C,0
1551A,0
1551B,0
1552A,0
1552C,0
1552D,1
1553A,0
1553B,0
1553C,0
1553D,0
1553F,0
1553G,0
1553H,0
1553I,0
1553J,0
1553K,0
1553L,0
1553M,0
1553N,0
1553O,0
1553P,0
1553Q,0
1554A,0
1555A,0
1555B,0
1555C,0
1555D,0
1555E,1
1556A,0
1557A,0
1557AA,0
1557B,0
1557BB,0
1557C,0
1557CC,0
1557D,0
1557DD,0
1557E,0
1557EE,0
1557F,0
1557FF,0
1557G,0
1557GG,0
1557H,0
1557I,0
1557J,0
1557K,0
1557L,0
1557M,0
1557N,0
1557O,0
1557Q,0
1557R,0
1557S,0
1557T,0
1557U,0
1557V,0
1557W,0
1557X,0
1557Y,0
1557Z,0
1558A,0
1558B,0
1559A,0
1559B,0
1560A,0
1560B,0
1560C,0
1560D,0
1560E,0
1560F,0
1560G,0
1561A,0
1561B,0
1561C,0
1561D,0
1561E,0
1561F,0
1561G,0
1561H,0
1561I,0
1561J,0
1561K,0
1562A,0
1562B,0
1562C,0
1562D,1
1562E,1
1562F,1
1562G,1
1562H,1
1562I,1
1562J,1
1562K,1
1562L,1
1562N,1
1562O,1
1562P,1
1563A,0
1563B,0
1563C,0
1564A,0
1564B,0
1564C,0
1564D,0
1564E,0
1564F,1
1564G,1
1564H,1
1564I,1
1564J,1
1564K,1
1564L,1
1564M,0
1565A,0
1566A,0
1566B,0
1566C,0
1566D,0
1566E,0
1567A,0
1567B,0
1567C,0
1567D,0
1567E,0
1567F,0
1567G,0
1567H,0
1567I,0
1567J,0
1568A,0
1569A,1
1569B,1
1569C,1
1569D,0
1569E,1
1569F,1
1569G,0
1569H,1
1569I,0
1569J,0
1570A,0
1570B,0
1570C,0
1570D,0
1570E,1
1570F,0
1570G,0
1570H,0
1570I,0
1570J,0
1570K,0
1570L,0
1570M,0
1570N,0
1571A,0
1571B,1
1571C,1
1572A,0
1572B,0
1572C,0
1572D,0
1572E,0
1573A,0
1574A,0
1574B,0
1574C,0
1574D,0
1574E,0
1574F,0
1574G,0
1574H,0
1574I,1
1574J,1
1574K,1
1575A,0
1575B,0
1576A,0
1576B,0
1576C,0
1577A,0
1577B,0
1577C,0
1577E,0
1577F,0
1577G,0
1577H,0
1577I,0
1577J,0
1578A,0
1579A,0
1579B,0
1579C,0
1579D,0
1580A,0
1580B,0
1580C,0
1580D,0
1580E,0
1580F,0
1580H,0
1580I,0
1580J,0
1580K,0
1580L,0
1580M,0
1581A,0
1581B,0
1581C,0
1581D,0
1583A,0
1583B,0
1583C,0
1584A,0
1585B,0
1585E,1
1585F,0
1585H,0
1586A,0
1586B,0
1587A,0
1587B,0
1588A,0
1588B,0
1588C,0
1588D,0
1588E,0
1588F,0
1589A,0
1589B,0
1589C,0
1589D,0
1589E,0
1591A,0
1591B,0
1592A,0
1593A,0
1593B,0
1593C,0
1593D,0
1594A,0
1594B,0
1594C,0
1594D,0
1595A,0
1597A,0
1597B,0
1597C,0
1597D,0
1598A,0
1598C,1
1598D,0
1600A,0
1600B,0
1600C,0
1600D,0
1601A,0
1601B,0
1601C,0
1601D,0
1603A,0
1603B,0
1603C,0
1603D,0
1603E,0
1605A,0
1605B,0
1605C,0
1605D,0
1605E,0
1605F,0
1605G,0
1606A,1
1606B,1
1606C,1
1606D,0
1606E,0
1606F,0
1606G,0
1607A,0
1607B,0
1607C,0
1607D,0
1607E,0
1608A,0
1609A,0
1609B,1
1609C,0
1611A,1
1611B,1
1611C,0
1611E,0
1613A,0
1613B,0
1614A,0
1614B,0
1614C,0
1615A,1
1615B,1
1615C,1
1615D,0
1616A,0
1616B,0
1616C,0
1616D,0
1617A,0
1617B,0
1617C,0
1617D,0
1617E,0
1617F,0
1617G,0
1617H,0
1617N,0
1617O,0
1617P,0
1618A,0
1622A,0
1622B,0
1622C,0
1622D,0
1622E,0
1622F,0
1622G,0
1622H,0
1622I,0
1622J,0
1622K,0
1622L,1
1622M,0
1622N,0
1622O,0
1622P,0
1622Q,0
1622R,0
1624A,1
1624B,1
1624C,1
1624D,1
1628B,1
1628C,1
1628E,1
1629A,0
1629B,0
1629C,0
1629D,0
1629E,0
1630A,0
1630B,0
1630C,0
1630D,0
1630E,0
1630F,0
1630G,0
1630H,0
1630I,0
1630J,0
1630K,0
1630L,0
1630M,0
1630N,0
1631A,1
1631B,0
1632A,0
1632D,1
1632E,0
1632F,0
1632G,0
1635A,0
1635B,0
1635C,0
1635D,0
1636A,0
1636B,0
1636C,0
1636E,0
1636F,0
1637A,1
1637B,0
1637C,0
1637D,1
1638A,0
1638B,0
1639A,1
1640A,0
1640B,0
1640C,0
1641A,0
1641B,0
1642A,0
1642AA,1
1642B,0
1642C,0
1642D,0
1642E,0
1642H,0
1642I,0
1642N,0
1642O,0
1642P,0
1642Q,0
1642R,0
1642S,0
1642U,0
1642V,0
1642W,0
1642X,1
1642Y,0
1642Z,0
1643A,0
1643B,0
1643C,0
1643D,0
1644A,0
1644B,0
1644C,0
1645A,0
1645B,0
1645C,0
1645D,0
1645E,0
1645F,0
1645G,0
1645H,1
1645I,1
1645K,1
1645L,0
1646A,0
1646B,0
1646C,0
1648A,0
1648B,0
1648C,0
1648D,0
1648E,0
1649A,0
1651A,0
1651B,0
1651C,0
1652A,0
1652B,0
1652C,0
1653A,0
1653B,0
1656A,0
1656B,0
1656C,0
1656D,0
1656E,0
1656F,0
1656G,0
1656H,0
1656I,0
1656J,0
1656K,0
1656L,0
1656M,0
1656N,0
1656O,1
1656P,1
1657A,0
1657B,0
1657C,0
1657D,0
1657E,0
1657F,0
1657G,0
1657H,0
1657I,0
1657J,0
1658A,0
1658B,0
1658C,0
1658D,0
1658E,0
1658F,0
1658G,0
1658H,1
1658I,1
1658J,1
1658K,1
1660A,0
1660B,0
1660C,0
1660D,0
1660E,0
1661A,0
1661B,0
1662A,0
1662B,0
1662C,0
1662D,0
1662E,0
1663A,0
1663B,0
1663C,0
1663D,0
1663E,0
1663F,0
1663G,0
1665A,0
1665B,0
1665C,0
1665D,0
1665E,0
1665F,0
1665G,0
1665H,0
1665I,0
1665J,0
1665K,0
1665L,0
1665M,0
1666A,0
1666B,0
1669A,0
1669B,0
1669C,0
1671A,1
1671B,0
1671E,0
1671F,1
1671G,1
1671H,1
1671I,1
1671J,1
1671K,0
1671L,0
1671M,0
1671N,0
1671O,0
1671P,0
1671Q,0
1671R,0
1671S,0
1671T,0
1677A,0
1677B,0
1677C,0
1677D,0
1677E,0
1677F,0
1677G,0
1677H,0
1677I,0
1677J,0
1677K,0
1677L,0
1677M,0
1680A,0
1680B,0
1680C,0
1680D,0
1681A,0
1681B,0
1681C,0
1681D,0
1681E,0
1683A,0
1684A,1
1684B,1
1684C,1
1684D,1
1684E,1
1684F,1
1684G,1
1686A,0
1686B,0
1686C,0
1686D,1
1686E,1
1686F,1
1686G,1
1686H,1
1686I,1
1686J,1
1686K,1
1686L,1
1687A,0
1687B,0
1687C,0
1687D,0
1687E,0
1687F,0
1687G,0
1687H,0
1687I,0
1687J,0
1687K,0
1687L,0
1687M,0
1687N,0
1687O,1
1690A,0
1690B,0
1690C,0
1690D,0
1690E,0
1690F,0
1690H,0
1690I,0
1690J,0
1690K,0
1690L,0
1691A,0
1691B,0
1691C,0
1691D,0
1691E,1
1691F,1
1691G,1
1691H,1
1694A,0
1694B,0
1694C,0
1694D,0
1694E,0
1694F,0
1694G,0
1694H,0
1694I,0
1694J,0
1694K,0
1694L,0
1694M,0
1694N,0
1694R,0
1694S,0
1694T,0
1694U,0
1695A,0
1695B,0
1695G,0
1695H,1
1695I,1
1695J,1
1695K,1
1695L,1
1695M,1
1695O,1
1700A,0
1700B,0
1700C,0
1700D,0
1700E,0
1700F,0
1700G,0
1700H,0
1700I,0
1701A,0
1701B,0
1701C,0
1701D,0
1703A,0
1703B,0
1703C,0
1703D,0
1703E,0
1703F,0
1705B,0
1705C,0
1705D,0
1705E,0
1705F,0
1705G,0
1705I,0
1705J,0
1705K,0
1705L,0
1705M,0
1705N,0
1705O,0
1705P,0
1705Q,0
1705R,0
1705S,0
1705T,0
1705U,0
1705V,0
1705W,0
1706A,0
1706B,0
1706C,0
1706D,0
1706E,0
1706F,0
1706G,0
1706H,0
1708A,0
1708B,0
1708C,0
1708D,0
1708E,0
1708F,0
1709A,0
1709B,0
1709C,0
1709D,0
1709E,0
1709F,0
1709G,0
1709H,0
1709I,1
1709J,1
1709K,1
1710A,0
1710C,0
1710D,0
1710E,0
1710F,0
1710G,0
1710H,0
1710I,0
1710J,0
1710K,0
1711A,0
1711B,0
1711C,0
1711D,0
1711E,0
1711F,0
1711G,0
1711H,0
1711K,0
1711L,0
1711M,0
1711N,0
1712A,0
1712B,0
1712C,0
1712E,0
1712F,0
1713A,0
1713B,0
1713C,0
1713D,0
1713E,0
1713F,0
1713G,1
1713H,1
1713I,1
1713J,1
1713K,1
1713L,1
1713M,1
1713N,1
1713O,1
1713P,1
1713Q,1
1715A,0
1716A,1
1716B,1
1716C,1
1716D,1
1717A,0
1718A,0
1718B,0
1719A,0
1719B,1
1719C,1
1719D,1
1719E,1
1720A,0
1720B,0
1720C,0
1720D,0
1720F,0
1720G,0
1720H,0
1720I,0
1720J,0
1720K,0
1720L,0
1720M,0
1720O,0
1720Q,0
1721A,0
1721B,0
1721C,0
1721E,0
1721F,0
1721G,0
1721H,0
1721I,0
1721J,0
1726A,0
1726B,0
1726C,0
1726D,0
1728B,0
1728C,0
1728F,0
1728G,0
1730A,1
1730B,1
1730C,1
1730D,1
1730E,1
1731A,0
1731B,0
1731C,0
1731E,0
1731F,0
1731G,0
1731H,0
1731I,0
1731J,0
1731K,0
1731L,0
1731M,0
1734A,0
1734AA,0
1734B,0
1734BB,0
1734C,0
1734D,0
1734E,0
1734F,0
1734G,0
1734H,0
1734J,0
1734K,0
1734L,0
1734N,0
1734O,0
1734P,0
1734Q,0
1734S,0
1734U,0
1734V,0
1734W,0
1734Y,0
1734Z,0
1736A,0
1736B,0
1736C,0
1736D,0
1736E,0
1744A,0
1744B,0
1744C,0
1744D,0
1745A,0
1745B,0
1745C,0
1745D,0
1748A,0
1748B,0
1748C,0
1750A,0
1751A,0
1751AA,0
1751BB,0
1751C,0
1751CC,0
1751D,0
1751DD,0
1751E,0
1751EE,0
1751FF,0
1751GG,0
1751HH,0
1751II,0
1751Q,0
1751R,0
1751S,0
1751T,0
1751U,0
1751W,0
1751X,0
1751Y,0
1751Z,0
1755A,0
1755B,0
1755C,0
1755D,0
1755E,0
1755F,0
1755G,0
1755H,0
1755I,0
1755J,0
1755K,0
1755L,0
1755M,0
1755N,0
1757A,0
1757B,0
1757C,0
1757D,0
1757E,0
1757F,0
1757G,0
1757H,0
1757I,0
1757J,0
1757K,0
1757L,0
1757M,0
1757N,0
1757O,0
1757P,0
1757Q,0
1757R,0
1757S,0
1757T,0
1757U,0
1758A,0
1758B,0
1758C,0
1758D,0
1758E,0
1758H,0
1759A,1
1759D,1
1766A,1
1766B,1
1766C,1
1766F,1
1766G,1
1766H,1
1766I,1
1766J,1
1766K,1
1766L,1
1766M,1
1766N,1
1766O,1
1772A,0
1772B,0
1772D,0
1772E,0
1772F,0
1772G,0
1772H,0
1772I,0
1772J,1
1772K,1
1772L,1
1772M,1
1772N,1
1773B,0
1773C,0
1773D,0
1773E,0
1773F,0
1773G,0
1773H,0
1773I,0
1773J,0
1773K,0
1773L,0
1773M,0
1773N,0
1773O,0
1773P,0
1774A,0
1774B,0
1776A,0
1776B,0
1776C,0
1776D,1
1776E,1
1776F,0
1776G,1
1776H,1
1776I,1
1776J,0
1776K,1
1776L,1
1777A,1
1777B,1
1777C,1
1777D,1
1777E,1
1777F,1
1777G,1
1777H,1
1777I,1
1777J,0
1777K,0
1777L,0
1777M,0
1777N,0
1778A,0
1778B,0
1778C,0
1779B,1
1783B,0
1783C,0
1784A,0
1784B,0
1785A,0
1785B,0
1785C,0
1785D,0
1785E,0
1785F,0
1785G,0
1785H,0
1785I,1
1785J,1
1785K,1
1785L,1
1785M,1
1785N,1
1785O,1
1785P,1
1786A,0
1786B,0
1786C,0
1786D,0
1786F,0
1786G,0
1786H,0
1786I,0
1789A,0
1789B,0
1789C,1
1789D,1
1789E,1
1789F,1
1789G,1
1789H,1
1789I,1
1789J,1
1789K,1
1789L,1
1789M,1
1789N,1
1789O,0
1789P,0
1791A,0
1791B,0
1791C,0
1791D,0
1791E,0
1791F,0
1794A,0
1794B,1
1795A,0
1795B,0
1795C,0
1796A,0
1796B,0
1796C,0
1796D,0
1796E,0
1796F,0
1796H,0
1796I,0
1797A,0
1798A,0
1798C,0
1798D,0
1798E,0
1798F,0
1798I,0
1798J,0
1798K,0
1798L,0
1798M,0
1798N,0
1798Q,0
1799A,0
1799B,0
1801A,0
1801B,0
1801C,0
1801D,0
1801E,0
1802A,0
1802B,0
1802C,0
1802D,0
1802E,0
1802F,0
1802G,0
1802H,1
1802I,1
1802J,1
1802K,1
1802M,1
1802N,1
1802O,1
1802P,1
1804A,0
1804B,0
1804C,0
1805C,0
1805D,0
1805E,0
1805F,0
1805G,0
1805H,0
1806A,0
1806B,0
1806C,0
1806D,0
1806E,0
1809A,0
1809B,0
1809C,0
1809D,0
1809E,0
1809F,0
1809G,0
1809I,0
1809K,0
1809L,0
1809M,0
1809N,0
1810A,0
1810B,0
1810C,0
1812A,0
1812B,0
1812C,0
1812D,0
1814A,0
1814B,0
1814C,0
1814D,0
1814E,0
1814G,0
1814L,0
1814M,0
1814N,0
1814O,1
1814P,0
1814R,0
1814S,0
1814T,0
1814U,0
1814V,0
1814W,0
1814X,0
1814Y,0
1814Z,0
1815A,0
1815B,0
1815C,0
1816A,1
1816B,1
1816C,1
1816D,1
1816E,1
1816F,1
1816G,0
1816H,0
1816I,0
1816J,0
1816K,0
1816L,0
1816M,0
1816N,1
1816O,1
1816P,1
1816Q,1
1817A,0
1817B,0
1818A,0
1818B,0
1818D,0
1818E,0
1818F,0
1818G,0
1818H,0
1818N,0
1818O,0
1818P,0
1818Q,0
1822A,0
1822B,0
1822C,0
1822D,0
1822E,0
1823B,1
1823C,1
1823D,1
1823E,1
1823F,1
1823G,1
1823H,1
1823J,1
1823K,1
1823L,1
1823M,1
1823N,0
1823O,0
1823P,1
1823Q,0
1823R,0
1823S,0
1824A,0
1824B,0
1824C,0
1824D,0
1824E,0
1824G,0
1824H,0
1824I,0
1824J,0
1824K,0
1824L,0
1824M,0
1824N,0
1824O,0
1824P,0
1824R,0
1824S,0
1824T,0
1825A,0
1825C,0
1825D,0
1826A,1
1826B,1
1826C,1
1826D,1
1826E,1
1830A,0
1830B,0
1830C,0
1830D,0
1833A,0
1833B,0
1833C,0
1833E,0
1833F,0
1833G,0
1833H,0
1833I,0
1833J,0
1835A,0
1835B,0
1836F,0
1836G,0
1836H,0
1836I,0
1837A,0
1837B,0
1837C,0
1837D,0
1837E,0
1837F,0
1837G,0
1837H,0
1837I,0
1838A,0
1838B,0
1838C,0
1838D,0
1838E,0
1838F,0
1838H,0
1838I,0
1839A,1
1839B,1
1839C,1
1839D,1
1839E,1
1839F,1
1839G,1
1839H,1
1839I,1
1839J,1
1839K,0
1840A,0
1840C,0
1841A,0
1841B,0
1841C,0
1841E,0
1841F,1
1842A,0
1842AA,0
1842B,0
1842BB,1
1842C,0
1842CC,1
1842D,0
1842DD,1
1842E,0
1842EE,1
1842F,0
1842G,0
1842GG,1
1842H,0
1842HH,1
1842I,0
1842II,1
1842JJ,1
1842KK,1
1842LL,1
1842MM,1
1842N,0
1842NN,1
1842O,0
1842P,0
1842Q,0
1842R,0
1842S,0
1842T,0
1842U,0
1842V,0
1842W,0
1842X,0
1842Y,0
1842Z,0
1843A,0
1843B,0
1843C,0
1843D,0
1843E,0
1843F,0
1843G,0
1843H,0
1843I,0
1843J,0
1843K,0
1843L,0
1843M,0
1843N,0
1843O,0
1844A,0
1844B,0
1844C,0
1844D,0
1844E,0
1844F,0
1844G,0
1844H,0
1845A,0
1845B,0
1845C,0
1845E,0
1845G,0
1846A,0
1846B,0
1846C,0
1846D,0
1846E,0
1846F,0
1848A,0
1848B,0
1848C,0
1848D,0
1848E,0
1848F,0
1848G,0
1848H,0
1848I,0
1848J,0
1848K,0
1850A,0
1850B,0
1850C,1
1850D,1
1852A,0
1852B,0
1852E,0
1852F,1
1852G,1
1855A,0
1855B,1
1855C,1
1855D,1
1855E,1
1855F,1
1855G,1
1855H,0
1855I,0
1855J,0
1855K,0
1855L,0
1855M,0
1855N,1
1855O,1
1856A,0
1856B,0
1856C,0
1856E,0
1858A,0
1858B,0
1858C,0
1858D,0
1858E,0
1858F,0
1858H,0
1859A,0
1859B,0
1859C,0
1859D,0
1859E,0
1859F,0
1860A,0
1860B,0
1860C,0
1860D,0
1860E,0
1861A,0
1861B,0
1861C,0
1861D,0
1861E,0
1861F,0
1861H,0
1865B,0
1865C,0
1865D,0
1865G,0
1865H,0
1865I,0
1865J,0
1866A,0
1866B,0
1866C,0
1866D,0
1866E,0
1866F,0
1866G,0
1866H,0
1866I,0
1866J,0
1866K,0
1866L,0
1866M,0
1867A,0
1867B,0
1867C,0
1871A,0
1871B,0
1871C,0
1871D,0
1872A,0
1872B,0
1872J,0
1872K,0
1872L,0
1872M,1
1873A,0
1873B,0
1873C,0
1873F,0
1873G,0
1873H,0
1873I,0
1873J,0
1873K,0
1873L,0
1873N,0
1873O,0
1873P,0
1873Q,0
1873R,0
1873S,0
1876A,0
1876B,0
1876C,0
1881A,0
1881B,0
1881C,0
1881D,0
1881E,0
1881F,0
1881G,0
1881H,0
1882A,0
1882B,0
1882C,0
1882D,0
1882E,0
1884B,0
1884C,0
1884D,0
1885A,1
1885B,1
1885E,1
1885F,1
1885G,1
1885H,1
1885I,1
1885J,1
1891A,0
1891B,0
1891C,0
1891D,0
1891E,0
1891F,0
1891H,0
1891I,0
1891J,0
1891K,0
1891L,0
1891M,0
1893A,0
1893B,0
1893C,0
1893D,0
1893E,0
1893F,0
1893H,0
1894A,0
1896A,1
1896B,1
1896C,1
1896D,1
1896E,0
1896F,1
1896G,0
1896H,0
1899A,0
1899B,0
1899C,0
1899D,0
1899E,0
1899F,0
1899G,0
1899I,0
1899J,0
1901B,0
1901C,1
1901D,1
1901E,1
1901F,1
1901G,1
1902A,0
1902B,0
1902C,0
1902D,1
1902E,1
1902G,1
1902H,1
1902I,1
1902J,1
1902K,1
1902L,1
1902M,0
1902N,0
1902O,0
1902P,0
1903A,0
1903B,0
1903C,0
1903D,0
1903E,0
1903F,0
1903G,0
1903H,0
1903I,0
1903J,0
1905A,0
1905B,0
1905C,0
1906A,0
1908B,0
1908C,0
1908D,0
1908E,0
1908F,0
1908G,0
1909A,0
1909B,0
1909C,0
1909D,0
1909E,0
1909F,0
1909G,0
1909H,0
1909I,0
1909J,0
1909K,0
1909L,0
1909M,0
1911A,0
1911B,0
1911C,0
1911D,0
1911F,0
1911H,0
1911I,0
1911J,0
1911K,0
1911L,0
1912A,0
1912B,0
1913A,0
1915A,0
1915B,0
1915H,0
1916A,0
1917A,0
1917B,0
1917C,0
1917D,0
1917E,0
1917F,0
1919A,0
1919B,0
1919C,0
1919D,0
1919E,0
1919H,0
1919I,0
1919J,0
1919K,0
1919L,0
1919M,0
1919N,0
1919O,0
1919P,0
1919Q,0
1919R,0
1919S,0
1920B,0
1920C,0
1920D,0
1921A,1
1921B,1
1921C,1
1921D,1
1921E,1
1921F,1
1921G,1
1921H,1
1921I,1
1921J,1
1921K,1
1921L,1
1921M,0
1921N,0
1921O,0
1921P,0
1927A,0
1928A,0
1928B,0
1928C,0
1928D,0
1928E,0
1928F,0
1928G,0
1928H,0
1928I,0
1928J,0
1928K,0
1928L,0
1929A,0
1929B,0
1929C,0
1929D,0
1929E,0
1929F,0
1929G,0
1929H,0
1929I,0
1930A,0
1930B,0
1930C,0
1931A,0
1931B,0
1931E,0
1934A,0
1934B,0
1934C,0
1934D,0
1934E,0
1934F,0
1934G,0
1934H,0
1934I,0
1934J,0
1934K,0
1934L,0
1935A,0
1935B,0
1935C,0
1935D,0
1935E,0
1935G,0
1935I,0
1937B,0
1937C,0
1937D,0
1937E,0
1937F,0
1937G,0
1937H,0
1939A,0
1939C,0
1939D,1
1939E,1
1939F,1
1939G,1
1939H,1
1939I,1
1939J,1
1939K,1
1939L,1
1939M,1
1943B,0
1943C,0
1943D,0
1943E,0
1944C,0
1945A,0
1945B,0
1945C,0
1945E,0
1945F,0
1945G,0
1945I,0
1945J,0
1945K,0
1946A,0
1946B,0
1946C,0
1946D,0
1946E,0
1949A,0
1949B,0
1949C,0
1949D,0
1949E,0
1949H,0
1949I,0
1949J,0
1949K,0
1949L,0
1949M,0
1950A,0
1950B,0
1951A,0
1951B,0
1951C,0
1951D,0
1951E,0
1951G,0
1951H,1
1953A,0
1953B,0
1953C,0
1953D,0
1953E,0
1953F,0
1954A,0
1954B,0
1955A,0
1955B,0
1955C,0
1957A,0
1957B,0
1957C,0
1957D,0
1957E,0
1957F,0
1957G,0
1957H,0
1957I,0
1957L,0
1957O,0
1957P,0
1957Q,0
1959A,0
1959B,0
1959C,0
1959D,0
1959E,0
1959F,0
1959G,0
1959H,0
1959I,0
1959J,0
1959K,0
1959L,0
1959M,0
1959N,1
1959P,0
1959Q,0
1959R,0
1959S,0
1959T,0
1959U,0
1959V,0
1959W,0
1959X,1
1960A,0
1960B,0
1960C,0
1960D,0
1960E,0
1964A,0
1964B,0
1964C,0
1964D,0
1964E,0
1964F,0
1965A,1
1965B,0
1965C,1
1965D,1
1965E,1
1965F,1
1965G,1
1965H,1
1965I,1
1965J,1
1965K,1
1965L,1
1965M,1
1965N,1
1965O,1
1965P,1
1965Q,1
1965R,0
1965S,0
1966A,0
1966B,0
1966C,0
1966D,0
1966E,0
1966F,0
1966H,0
1966I,0
1966J,0
1973A,0
1973B,0
1974A,0
1974B,0
1975B,0
1975C,0
1975D,1
1975E,0
1975F,0
1976A,0
1976B,0
1976C,0
1976D,0
1976E,0
1976F,0
1976G,0
1976H,0
1976I,0
1977A,0
1978A,0
1979A,0
1979B,0
1980A,0
1981A,0
1981B,0
1981C,0
1981D,0
1981E,0
1981F,0
1981G,0
1981H,0
1981I,0
1981K,0
1981L,0
1981M,0
1982A,0
1982B,0
1986A,1
1986B,1
1986C,1
1986D,1
1986E,1
1986F,1
1986G,1
1986J,0
1986O,1
1986P,1
1986S,1
1986U,1
1986V,1
1986W,1
1986X,1
1987A,1
1987B,1
1987C,1
1987D,1
1987E,1
1987F,1
1987H,1
1987I,1
1987J,1
1987K,0
1987L,1
1987M,1
1987N,1
1987O,1
1987P,1
1987Q,1
1993A,1
1993B,1
1993C,1
1993D,1
1993E,1
1993F,1
1993G,0
1993H,0
1994A,0
1994B,0
1995A,0
1995B,0
1996A,0
1996D,0
1996E,0
1996F,0
1998A,0
1998C,0
1998D,0
1998E,0
1998F,0
1998K,1
1998N,1
1998O,0
1998P,0
1999A,0
1999B,0
2026A,0
2026B,0
2029A,0
2029B,0
2029C,0
2029G,1
2031A,0
2031B,0
2031C,0
2031D,0
2031E,0
2031F,0
2031G,0
2031H,0
2031I,0
2031J,0
2031K,0
2031N,0
2033A,0
2035A,0
2035B,0
2035C,0
2035D,0
2035E,0
2040A,0
2042A,1
2042B,1
2042C,1
2042D,1
2042E,1
2044A,1
2044B,1
2044C,1
2044D,1
2044E,1
2044F,0
2044G,0
2045A,0
2050A,0
2050B,1
2050C,1
2052A,0
2052B,0
2052D,0
2052E,0
2054A,0
2054B,0
2054C,0
2054D,0
2054E,0
2057A,0
2057E,0
2057F,0
2057G,0
2058A,0
2058B,0
2060A,1
2060B,1
2060C,1
2060D,1
2060E,1
2063A,0
2063B,0
2063C,0
2063D,0
2063E,0
2063F,0
2063G,0
2063H,0
2064A,0
2064B,0
2064D,0
2064E,0
2064F,0
2065A,0
2065B,0
2065C,0
2065D,1
2065E,1
2065F,0
2065G,0
2066A,0
2066B,1
2066C,1
2066D,1
2070A,0
2070B,0
2070D,0
2070E,0
2070F,0
2070G,0
2070H,0
2070I,0
2071A,0
2071B,0
2071C,1
2072A,0
2072B,0
2072C,0
2072D,0
2075A,0
2075B,0
2077A,0
2077B,0
2077C,0
2077D,0
2077E,0
2080B,0
2080C,0
2080D,0
2081A,0
2081B,0
2081C,0
2081D,0
2081E,0
2081F,0
2081G,0
2083A,0
2083B,0
2090A,0
2090B,0
2090C,0
2090D,0
2099A,0
2099B,1
2099C,1
2099D,1
2099E,0
2101B,0
2101C,0
2101D,0
2104A,0
2104B,0
2104C,0
2104D,0
2104E,0
2104G,0
2104H,0
2104I,0
2104J,0
2104K,0
2104L,0
2105A,0
2105B,0
2105C,0
2105D,0
2105E,0
2105F,0
2105P,0
2105Q,0
2111A,0
2111B,0
2111C,0
2111D,1
2111E,1
2111F,1
2111G,1
2111H,1
2111I,1
2111J,1
2117A,0
2117B,0
2117C,0
2117D,1
2117E,1
2117F,1
2119A,0
2119B,0
2119C,0
2119G,0
2119H,0
2120D,0
2120E,0
2120G,0
2120H,0
2120I,0
2120J,0
2120K,0
2120L,0
2120M,0
2121A,0
2121B,0
2121C,0
2121D,0
2121E,0
2121F,0
2121G,0
2121H,0
2121I,0
2126A,0
2126B,0
2126C,0
2126D,0
2126E,0
2126F,0
2126G,0
2127A,0
2127B,0
2127C,0
2127D,0
2127F,0
2131A,1
2133A,0
2133B,0
2133C,0
2133D,0
2133E,0
2133F,0
2133G,0
2142A,0
2142C,0
2142J,0
2142K,0
2142L,0
2142M,0
2144A,0
2144B,0
2144C,0
2144D,0
2144E,0
2145A,0
2147A,0
2147B,0
2147C,0
2147D,0
2147E,0
2147F,0
2147G,0
2147H,0
2147I,0
2147J,0
2149A,0
2149B,0
2149C,0
2149D,0
2149E,0
2149F,0
2149G,0
2150A,0
2150B,1
2150D,1
2150E,1
2150F,1
2150G,1
2150H,0
2150I,0
2150J,1
2151C,0
2151E,0
2162A,0
2162B,0
2162C,0
2162D,0
2162E,0
2162F,0
2162G,0
2162H,0
2162I,0
2162J,0
2162K,0
2162L,0
2162M,0
2162N,0
2162O,0
2162P,0
2162Q,0
2162R,0
2163C,1
2163D,1
2163E,1
2163F,1
2163G,1
2163H,1
2163I,1
2163J,1
2163K,1
2163L,1
2163M,1
2163N,1
2175A,0
2175B,0
2175C,0
2175D,0
2175E,0
2175F,0
2180A,0
2180B,0
2180C,0
2180D,0
2180E,0
2180F,0
2180G,0
2181A,0
2181B,0
2181C,0
2181D,0
2181E,0
2181F,0
2181G,0
2181H,0
2181J,0
2181K,0
2181L,0
2181M,0
2181N,0
2181O,0
2181P,0
2181Q,0
2182A,0
2182B,0
2182C,0
2182D,0
2182E,0
2182F,0
2182G,0
2182H,0
2182I,0
2196A,0
2196B,0
2196C,0
2196D,0
2196E,0
2196F,0
2196G,0
2196H,0
2196I,0
2199A,0
2199B,0
2199C,0
2199D,0
2199E,0
2199F,0
2206A,0
2206B,0
2206C,0
2206D,0
2206E,0
628B,0
628C,0
628D,0
628E,0
628F,0
628H,0
628I,0
628J,0
628K,0
628L,0
628M,0
628N,0
628O,0
628P,0
628Q,0
628R,0
628S,0
628T,0
653A,0
653B,0
653C,0
653D,0
653E,0
653F,0
653G,0
653H,0
668A,0
668B,0
668BB,1
668C,0
668CC,1
668D,0
668DD,1
668E,0
668EE,1
668F,0
668FF,1
668G,0
668GG,1
668H,0
668HH,1
668I,1
668II,1
668J,1
668JJ,1
668K,1
668KK,1
668L,1
668LL,1
668M,0
668MM,0
668N,0
668NN,1
668O,1
668P,1
668Q,1
668R,1
668S,0
668T,1
668U,1
668V,1
668W,1
668X,1
668Y,1
668Z,1
698G,0
698H,0
698I,0
698J,0
698K,0
769E,0
840E,0
840F,0
840G,0
972C,0
972D,0
972E,0
972F,0
972G,0
972H,0
972I,0
972K,0
972L,0
972M,0
972N,0
972O,0
972P,0
972Q,0
972R,0
994B,0
994C,0
994D,0
994F,0
994G,0
FMT.0001D,0
FMT.0009A,0
FMT.0009CC,0
FMT.0009X,0
FMT.0010A,0
FMT.0010S,0
FMT.0012P,0
FMT.0012Q,0
FMT.0016AA,0
FMT.0016B,0
FMT.0016C,0
FMT.0016D,0
FMT.0016G,0
FMT.0016H,0
FMT.0016I,0
FMT.0016J,0
FMT.0016K,0
FMT.0016L,0
FMT.0016M,0
FMT.0016N,0
FMT.0016O,0
FMT.0016P,0
FMT.0016R,0
FMT.0016S,0
FMT.0016U,0
FMT.0016V,0
FMT.0016W,0
FMT.0016Y,0
FMT.0016Z,0
FMT.0020A,0
FMT.0020G,0
FMT.0028K,1
FMT.0028Q,1
FMT.0028R,1
FMT.0033AA,1
FMT.0033CC,1
FMT.0033V,0
FMT.0033W,0
FMT.0033X,0
FMT.0033Y,1
FMT.0033Z,1
FMT.0034A,0
FMT.0034J,0
FMT.0035A,0
FMT.0035K,0
FMT.0036A,0
FMT.0039A,0
FMT.0039E,0
FMT.0050A,0
FMT.0050K,0
FMT.0052A,0
FMT.0052B,0
FMT.0052C,0
FMT.0052D,0
FMT.0052E,0
FMT.0052F,0
FMT.0052G,0
FMT.0052H,0
FMT.0052I,0
FMT.0052J,0
FMT.0052K,0
FMT.0052L,0
FMT.0052M,0
FMT.0052O,0
FMT.0052P,0
FMT.0052Q,0
FMT.0052R,0
FMT.0052T,0
FMT.0052U,0
FMT.0055A,1
FMT.0055C,0
FMT.0055D,0
FMT.0055E,0
FMT.0055F,0
FMT.0055G,0
FMT.0055H,0
FMT.0055I,0
FMT.0055J,0
FMT.0055K,0
FMT.0055L,0
FMT.0055N,0
FMT.0055O,0
FMT.0055P,0
FMT.0055Q,0
FMT.0055R,0
FMT.0055S,0
FMT.0057A,0
FMT.0057C,0
FMT.0057D,0
FMT.0057E,0
FMT.0057F,0
FMT.0057G,0
FMT.0057H,0
FMT.0057I,0
FMT.0057J,0
FMT.0057K,0
FMT.0057L,0
FMT.0057M,0
FMT.0057N,1
FMT.0057S,0
FMT.0057T,0
FMT.0057U,0
FMT.0059A,0
FMT.0059AA,1
FMT.0059B,0
FMT.0059BB,0
FMT.0059C,1
FMT.0059D,1
FMT.0059DD,0
FMT.0059E,1
FMT.0059F,1
FMT.0059FF,0
FMT.0059G,1
FMT.0059GG,0
FMT.0059H,1
FMT.0059HH,0
FMT.0059I,1
FMT.0059J,1
FMT.0059K,1
FMT.0059L,1
FMT.0059M,1
FMT.0059N,1
FMT.0059O,1
FMT.0059P,1
FMT.0059Q,1
FMT.0059R,1
FMT.0059S,1
FMT.0059T,1
FMT.0059U,1
FMT.0059V,1
FMT.0059X,1
FMT.0059Y,1
FMT.0059Z,1
FMT.0060A,0
FMT.0060F,0
FMT.0060H,0
FMT.0060I,0
FMT.0060J,0
FMT.0060O,0
FMT.0061A,0
FMT.0061B,0
FMT.0061C,0
FMT.0061D,0
FMT.0061E,0
FMT.0061EE,0
FMT.0061F,0
FMT.0061FF,0
FMT.0061G,0
FMT.0061GG,0
FMT.0061H,0
FMT.0061HH,0
FMT.0061I,0
FMT.0061J,0
FMT.0061K,0
FMT.0061L,0
FMT.0061R,0
FMT.0061S,0
FMT.0061U,0
FMT.0061V,0
FMT.0061Z,0
FMT.0062A,0
FMT.0062AA,0
FMT.0062B,1
FMT.0062BB,0
FMT.0062D,1
FMT.0062E,1
FMT.0062EE,0
FMT.0062F,0
FMT.0062G,0
FMT.0062H,0
FMT.0062L,0
FMT.0062M,0
FMT.0062O,0
FMT.0062P,0
FMT.0062Q,0
FMT.0062R,0
FMT.0062S,0
FMT.0062T,0
FMT.0062V,0
FMT.0062W,0
FMT.0062X,0
FMT.0062Y,0
FMT.0062Z,0
FMT.0063A,0
FMT.0063CC,0
FMT.0063FFF,0
FMT.0063G,0
FMT.0063GGG,0
FMT.0063I,0
FMT.0063JJJ,0
FMT.0063KKK,0
FMT.0063LLL,0
FMT.0063M,0
FMT.0063MMM,0
FMT.0063N,0
FMT.0063NN,0
FMT.0063OO,0
FMT.0063P,0
FMT.0063UU,0
FMT.0064A,0
FMT.0064B,0
FMT.0064FF,0
FMT.0064G,0
FMT.0064H,0
FMT.0064J,0
FMT.0064M,0
FMT.0064Q,0
FMT.0064R,0
FMT.0064S,0
FMT.0064T,0
FMT.0064V,0
FMT.0064X,1
FMT.0066A,0
FMT.0066B,0
FMT.0066C,0
FMT.0066D,0
FMT.0066E,0
FMT.0066F,0
FMT.0066G,0
FMT.0066H,0
FMT.0066I,0
FMT.0066J,0
FMT.0066K,0
FMT.0066L,0
FMT.0066M,0
FMT.0066N,0
FMT.0066O,0
FMT.0066P,0
FMT.0066Q,0
FMT.0066R,0
FMT.0066S,0
FMT.0066T,0
FMT.0066U,0
FMT.0066W,0
FMT.0066X,0
FMT.0066Y,0
FMT.0066Z,0
FMT.0067A,0
FMT.0067B,0
FMT.0067C,0
FMT.0067N,0
FMT.0067O,0
FMT.0067U,0
FMT.0068A,0
FMT.0068B,0
FMT.0068C,0
FMT.0068D,0
FMT.0068E,0
FMT.0068F,0
FMT.0068G,0
FMT.0068H,0
FMT.0068I,0
FMT.0068J,0
FMT.0068L,0
FMT.0068M,0
FMT.0068N,0
FMT.0068O,0
FMT.0068Q,0
FMT.0068R,0
FMT.0068T,0
FMT.0068U,0
FMT.0068V,1
FMT.0068W,1
FMT.0068X,1
FMT.0068Y,1
FMT.0069A,1
FMT.0069AA,0
FMT.0069B,0
FMT.0069C,0
FMT.0069D,0
FMT.0069E,0
FMT.0069F,0
FMT.0069G,0
FMT.0069H,0
FMT.0069I,0
FMT.0069J,0
FMT.0069L,1
FMT.0069M,1
FMT.0069N,1
FMT.0069P,0
FMT.0069Q,0
FMT.0069R,0
FMT.0069S,0
FMT.0069W,0
FMT.0069X,1
FMT.0069Y,0
FMT.0069Z,0
FMT.0070A,1
FMT.0070B,0
FMT.0070C,0
FMT.0070D,1
FMT.0070K,1
FMT.0070R,1
FMT.0070T,1
FMT.0070V,0
FMT.0070W,0
FMT.0072A,0
FMT.0072I,0
FMT.0072K,0
FMT.0073A,0
FMT.0073B,0
FMT.0073D,1
FMT.0073F,1
FMT.0073G,1
FMT.0073H,1
FMT.0073N,0
FMT.0073P,0
FMT.0073R,0
FMT.0073S,0
FMT.0073W,1
FMT.0074A,0
FMT.0074D,0
FMT.0074E,0
FMT.0074F,0
FMT.0074G,0
FMT.0074H,0
FMT.0075A,0
FMT.0075B,0
FMT.0075C,0
FMT.0075D,0
FMT.0075E,0
FMT.0075F,0
FMT.0075I,0
FMT.0075J,0
FMT.0075K,0
FMT.0075L,0
FMT.0075M,0
FMT.0075N,1
FMT.0076A,0
FMT.0076Q,1
FMT.0077A,0
FMT.0077AA,0
FMT.0077B,0
FMT.0077C,0
FMT.0077CC,0
FMT.0077D,0
FMT.0077DD,0
FMT.0077EE,0
FMT.0077F,0
FMT.0077FF,0
FMT.0077G,0
FMT.0077GG,0
FMT.0077H,0
FMT.0077HH,0
FMT.0077I,0
FMT.0077II,0
FMT.0077J,0
FMT.0077JJ,0
FMT.0077K,0
FMT.0077KK,0
FMT.0077L,0
FMT.0077LL,0
FMT.0077M,0
FMT.0077MM,0
FMT.0077N,0
FMT.0077NN,0
FMT.0077O,0
FMT.0077OO,0
FMT.0077P,0
FMT.0077PP,0
FMT.0077Q,0
FMT.0077QQ,1
FMT.0077R,0
FMT.0077RR,1
FMT.0077S,0
FMT.0077SS,1
FMT.0077T,0
FMT.0077TT,1
FMT.0077U,0
FMT.0077X,0
FMT.0077Y,0
FMT.0077Z,0
FMT.0079D,0
FMT.0079E,0
FMT.0079F,0
FMT.0079G,0
FMT.0079I,0
FMT.0079M,0
FMT.0079O,0
FMT.0079P,0
FMT.0080A,0
FMT.0080B,0
FMT.0080C,0
FMT.0080D,0
FMT.0080E,0
FMT.0080F,0
FMT.0080G,0
FMT.0080H,0
FMT.0080I,0
FMT.0080J,0
FMT.0080K,0
FMT.0080L,0
FMT.0080Q,0
FMT.0080R,0
FMT.0080T,0
FMT.0080U,0
FMT.0081AA,0
FMT.0081B,0
FMT.0081BB,0
FMT.0081C,1
FMT.0081G,1
FMT.0081L,1
FMT.0081N,1
FMT.0081O,1
FMT.0081P,1
FMT.0081Q,1
FMT.0081T,0
FMT.0081W,0
FMT.0081X,1
FMT.0081Y,0
FMT.0081Z,0
FMT.0082A,0
FMT.0082B,0
FMT.0082C,0
FMT.0082D,0
FMT.0082E,0
FMT.0082F,0
FMT.0082J,0
FMT.0082K,0
FMT.0082L,0
FMT.0082M,0
FMT.0082N,0
FMT.0082O,0
FMT.0082Q,1
FMT.0082R,0
FMT.0082Y,0
FMT.0082Z,0
FMT.0083A,0
FMT.0083AA,1
FMT.0083B,0
FMT.0083BB,1
FMT.0083CC,1
FMT.0083DD,1
FMT.0083EE,1
FMT.0083FF,1
FMT.0083GG,0
FMT.0083J,1
FMT.0083K,1
FMT.0083L,1
FMT.0083M,1
FMT.0083O,1
FMT.0083P,1
FMT.0083Q,1
FMT.0083S,1
FMT.0083T,0
FMT.0083U,0
FMT.0083V,0
FMT.0083W,0
FMT.0083X,0
FMT.0083Y,1
FMT.0083Z,1
FMT.0085A,0
FMT.0085B,0
FMT.0085C,0
FMT.0085D,1
FMT.0085E,1
FMT.0085F,1
FMT.0085G,1
FMT.0085H,1
FMT.0088A,0
FMT.0088B,0
FMT.0088C,0
FMT.0088D,0
FMT.0088E,0
FMT.0088F,0
FMT.0088G,0
FMT.0088H,0
FMT.0089A,0
FMT.0089B,0
FMT.0089C,0
FMT.0089D,0
FMT.0089E,0
FMT.0089F,0
FMT.0089G,0
FMT.0089H,0
FMT.0089I,0
FMT.0089J,0
FMT.0089K,0
FMT.0089L,0
FMT.0089M,0
FMT.0089N,0
FMT.0089O,0
FMT.0089P,0
FMT.0089Q,0
FMT.0089R,0
FMT.0089S,0
FMT.0090A,0
FMT.0090AA,0
FMT.0090B,0
FMT.0090C,0
FMT.0090D,0
FMT.0090E,0
FMT.0090F,0
FMT.0090G,0
FMT.0090H,0
FMT.0090K,0
FMT.0090P,0
FMT.0090Q,0
FMT.0090T,0
FMT.0090U,0
FMT.0090V,0
FMT.0090W,0
FMT.0090X,0
FMT.0090Y,0
FMT.0090Z,0
FMT.0091AA,0
FMT.0091B,0
FMT.0091BB,0
FMT.0091CC,0
FMT.0091D,0
FMT.0091DD,0
FMT.0091E,0
FMT.0091EE,0
FMT.0091F,0
FMT.0091FF,0
FMT.0091G,0
FMT.0091GG,0
FMT.0091H,0
FMT.0091HH,0
FMT.0091II,0
FMT.0091J,0
FMT.0091K,0
FMT.0091LL,0
FMT.0091O,0
FMT.0091PP,0
FMT.0091Q,0
FMT.0091QQ,0
FMT.0091RR,0
FMT.0091S,0
FMT.0091SS,0
FMT.0091TT,0
FMT.0091UU,0
FMT.0091V,0
FMT.0091W,0
FMT.0091X,0
FMT.0091Z,0
FMT.0092A,0
FMT.0092AA,1
FMT.0092B,0
FMT.0092C,0
FMT.0092CC,1
FMT.0092D,0
FMT.0092DD,1
FMT.0092E,0
FMT.0092EE,0
FMT.0092F,0
FMT.0092FF,0
FMT.0092G,0
FMT.0092GG,0
FMT.0092HH,0
FMT.0092I,0
FMT.0092II,0
FMT.0092J,1
FMT.0092JJ,0
FMT.0092K,1
FMT.0092KK,0
FMT.0092L,1
FMT.0092LL,0
FMT.0092M,1
FMT.0092MM,0
FMT.0092N,1
FMT.0092NN,0
FMT.0092O,1
FMT.0092OO,0
FMT.0092P,1
FMT.0092Q,1
FMT.0092S,1
FMT.0092T,1
FMT.0092U,1
FMT.0092W,1
FMT.0092X,1
FMT.0092Y,1
FMT.0092Z,1
FMT.0093A,0
FMT.0093BB,1
FMT.0093C,0
FMT.0093CC,1
FMT.0093D,0
FMT.0093E,0
FMT.0093F,0
FMT.0093G,0
FMT.0093GG,1
FMT.0093H,0
FMT.0093HH,1
FMT.0093I,0
FMT.0093J,0
FMT.0093K,0
FMT.0093L,0
FMT.0093M,0
FMT.0093P,0
FMT.0093Q,0
FMT.0093R,0
FMT.0093S,0
FMT.0093T,0
FMT.0093U,0
FMT.0093V,0
FMT.0093W,0
FMT.0093X,0
FMT.0094A,0
FMT.0094C,0
FMT.0094D,0
FMT.0094E,0
FMT.0094F,0
FMT.0094G,0
FMT.0094H,0
FMT.0094I,0
FMT.0094K,0
FMT.0094L,0
FMT.0094M,0
FMT.0094N,0
FMT.0094O,0
FMT.0094P,0
FMT.0094Q,0
FMT.0094R,0
FMT.0094U,0
FMT.0094X,0
FMT.0094Y,0
FMT.0097A,1
FMT.0097AA,1
FMT.0097B,0
FMT.0097BB,1
FMT.0097C,1
FMT.0097CC,1
FMT.0097D,1
FMT.0097DD,1
FMT.0097E,1
FMT.0097F,1
FMT.0097G,1
FMT.0097H,1
FMT.0097I,1
FMT.0097J,1
FMT.0097K,1
FMT.0097L,1
FMT.0097M,1
FMT.0097N,0
FMT.0097O,0
FMT.0097P,1
FMT.0097Q,1
FMT.0097R,0
FMT.0097S,0
FMT.0097T,0
FMT.0097U,0
FMT.0097V,0
FMT.0097W,0
FMT.0097Y,1
FMT.0097Z,1
FMT.0098A,1
FMT.0098D,0
FMT.0098F,1
FMT.0098I,1
FMT.0098J,1
FMT.0098K,1
FMT.0098L,1
FMT.0098M,1
FMT.0098N,1
FMT.0098O,1
FMT.0098P,0
FMT.0098R,1
FMT.0098S,0
FMT.0098T,0
FMT.0098U,1
FMT.0098V,0
FMT.0098X,0
FMT.0099A,0
FMT.0099B,0
FMT.0099C,0
FMT.0099D,0
FMT.0099E,0
FMT.0099F,0
FMT.0099G,0
FMT.0099H,0
FMT.0099I,0
FMT.0099K,0
FMT.0099L,0
FMT.0099M,0
FMT.0099N,0
FMT.0099O,0
FMT.0099Q,0
FMT.0099R,0
FMT.0100A,0
FMT.0100B,0
FMT.0100C,0
FMT.0100D,0
FMT.0100E,0
FMT.0100F,0
FMT.0100H,0
FMT.0100I,0
FMT.0100J,0
FMT.0100K,0
FMT.0100L,0
FMT.0100M,0
FMT.0100N,0
FMT.0100O,0
FMT.0100P,1
FMT.0101A,0
FMT.0101B,0
FMT.0101C,0
FMT.0101D,0
FMT.0101E,0
FMT.0101F,0
FMT.0101G,0
FMT.0101H,0
FMT.0101I,0
FMT.0101J,0
FMT.0101K,0
FMT.0101L,0
FMT.0102A,0
FMT.0102D,0
FMT.0102E,0
FMT.0102G,0
FMT.0102H,0
FMT.0102I,0
FMT.0102J,0
FMT.0102K,0
FMT.0102L,0
FMT.0102M,0
FMT.0103A,0
FMT.0103B,0
FMT.0103C,0
FMT.0103D,0
FMT.0103E,0
FMT.0103F,0
FMT.0103G,0
FMT.0103H,0
FMT.0103I,0
FMT.0103J,0
FMT.0103K,0
FMT.0103M,0
FMT.0103N,0
FMT.0103O,0
FMT.0103R,0
FMT.0103S,0
FMT.0103T,0
FMT.0103U,0
FMT.0103V,0
FMT.0103W,0
FMT.0103X,1
FMT.0103Y,1
FMT.0103Z,0
FMT.0104A,0
FMT.0104B,0
FMT.0104C,0
FMT.0104D,0
FMT.0104E,0
FMT.0104H,0
FMT.0104I,0
FMT.0104L,0
FMT.0104M,0
FMT.0104N,0
FMT.0104O,0
FMT.0104P,0
FMT.0104Q,0
FMT.0104R,0
FMT.0104S,0
FMT.0104T,0
FMT.0105A,0
FMT.0105D,0
FMT.0106A,0
FMT.0106AA,1
FMT.0106B,0
FMT.0106BB,1
FMT.0106C,0
FMT.0106CC,1
FMT.0106D,0
FMT.0106DD,1
FMT.0106E,0
FMT.0106EE,1
FMT.0106F,0
FMT.0106G,0
FMT.0106GG,0
FMT.0106H,0
FMT.0106I,0
FMT.0106K,0
FMT.0106L,0
FMT.0106M,0
FMT.0106R,0
FMT.0106S,0
FMT.0106U,0
FMT.0106V,0
FMT.0106W,0
FMT.0106X,0
FMT.0106Y,1
FMT.0106Z,1
FMT.0107A,0
FMT.0107B,0
FMT.0107C,0
FMT.0107D,0
FMT.0107E,0
FMT.0107F,0
FMT.0107G,0
FMT.0107H,0
FMT.0107I,0
FMT.0107J,0
FMT.0107K,0
FMT.0107L,0
FMT.0107M,0
FMT.0107N,0
FMT.0107O,0
FMT.0107P,0
FMT.0107R,0
FMT.0107T,1
FMT.0107U,0
FMT.0107V,0
FMT.0107W,0
FMT.0108A,0
FMT.0108B,0
FMT.0108C,0
FMT.0108D,0
FMT.0108E,0
FMT.0108F,0
FMT.0108G,0
FMT.0108H,0
FMT.0108I,0
FMT.0108J,0
FMT.0108K,0
FMT.0108L,0
FMT.0108M,0
FMT.0108N,0
FMT.0108P,0
FMT.0108Q,0
FMT.0108R,0
FMT.0108S,0
FMT.0108T,0
FMT.0108U,0
FMT.0108V,0
FMT.0108W,0
FMT.0108X,0
FMT.0108Y,0
FMT.0109A,0
FMT.0109B,0
FMT.0109C,0
FMT.0109D,0
FMT.0109G,0
FMT.0109H,0
FMT.0109I,0
FMT.0109K,0
FMT.0109L,0
FMT.0109M,0
FMT.0109N,0
FMT.0110A,0
FMT.0110B,0
FMT.0110C,0
FMT.0110D,0
FMT.0110E,0
FMT.0110F,0
FMT.0110G,0
FMT.0110H,0
FMT.0110I,0
FMT.0110J,0
FMT.0110K,0
FMT.0110L,0
FMT.0110M,0
FMT.0110N,0
FMT.0110O,0
FMT.0110P,0
FMT.0111A,0
FMT.0111AA,0
FMT.0111B,0
FMT.0111BB,0
FMT.0111C,0
FMT.0111D,0
FMT.0111E,0
FMT.0111F,0
FMT.0111G,0
FMT.0111I,0
FMT.0111L,0
FMT.0111M,0
FMT.0111N,0
FMT.0111P,0
FMT.0111S,0
FMT.0111T,0
FMT.0111V,0
FMT.0111W,0
FMT.0111X,0
FMT.0111Y,0
FMT.0111Z,0
FMT.0112A,0
FMT.0112AA,0
FMT.0112B,0
FMT.0112BB,0
FMT.0112D,0
FMT.0112E,0
FMT.0112G,0
FMT.0112H,1
FMT.0112I,1
FMT.0112J,1
FMT.0112K,1
FMT.0112L,1
FMT.0112M,0
FMT.0112N,0
FMT.0112O,1
FMT.0112P,1
FMT.0112Q,0
FMT.0112R,0
FMT.0112S,0
FMT.0112T,1
FMT.0112U,0
FMT.0112V,0
FMT.0112W,1
FMT.0112X,1
FMT.0112Y,0
FMT.0112Z,0
FMT.0113A,0
FMT.0113AA,0
FMT.0113B,0
FMT.0113BB,0
FMT.0113C,1
FMT.0113CC,0
FMT.0113D,1
FMT.0113DD,0
FMT.0113E,1
FMT.0113EE,0
FMT.0113F,1
FMT.0113FF,0
FMT.0113G,1
FMT.0113H,1
FMT.0113HH,0
FMT.0113I,1
FMT.0113II,0
FMT.0113J,1
FMT.0113JJ,0
FMT.0113K,1
FMT.0113KK,0
FMT.0113L,1
FMT.0113LL,0
FMT.0113M,1
FMT.0113MM,0
FMT.0113N,1
FMT.0113NN,0
FMT.0113OO,1
FMT.0113P,0
FMT.0113Q,0
FMT.0113R,0
FMT.0113S,0
FMT.0113T,0
FMT.0113U,0
FMT.0113V,0
FMT.0113W,0
FMT.0113X,0
FMT.0113Y,0
FMT.0113Z,0
FMT.0114A,0
FMT.0114AA,1
FMT.0114B,0
FMT.0114BB,1
FMT.0114C,0
FMT.0114CC,1
FMT.0114D,0
FMT.0114DD,1
FMT.0114E,0
FMT.0114EE,0
FMT.0114FF,0
FMT.0114G,0
FMT.0114GG,0
FMT.0114H,0
FMT.0114HH,0
FMT.0114I,0
FMT.0114J,0
FMT.0114K,0
FMT.0114O,0
FMT.0114P,0
FMT.0114Q,0
FMT.0114R,0
FMT.0114S,0
FMT.0114T,0
FMT.0114U,1
FMT.0114V,1
FMT.0114W,0
FMT.0114X,0
FMT.0114Y,0
FMT.0114Z,1
FMT.0116A,0
FMT.0116C,1
FMT.0116D,1
FMT.0116E,1
FMT.0116F,1
FMT.0116G,1
FMT.0116I,1
FMT.0116J,1
FMT.0116K,1
FMT.0116L,1
FMT.0116M,1
FMT.0116N,0
FMT.0116O,0
FMT.0116P,0
FMT.0117A,0
FMT.0117B,0
FMT.0117C,0
FMT.0117D,0
FMT.0117E,0
FMT.0117F,0
FMT.0117G,0
FMT.0117H,0
FMT.0117I,0
FMT.0117K,0
FMT.0117L,0
FMT.0117M,0
FMT.0117N,1
FMT.0117O,1
FMT.0117P,1
FMT.0117Q,1
FMT.0117R,1
FMT.0118A,0
FMT.0118B,0
FMT.0118C,0
FMT.0118D,0
FMT.0118E,0
FMT.0118F,0
FMT.0118H,0
FMT.0118J,0
FMT.0118K,0
FMT.0118L,0
FMT.0118M,0
FMT.0118N,0
FMT.0118O,0
FMT.0120A,0
FMT.0120B,1
FMT.0120C,1
FMT.0120D,1
FMT.0120E,1
FMT.0120F,1
FMT.0120G,1
FMT.0120H,1
FMT.0120I,1
FMT.0120J,1
FMT.0120K,1
FMT.0120L,1
FMT.0120N,0
FMT.0120O,0
FMT.0120P,0
FMT.0120Q,0
FMT.0120R,0
FMT.0120S,0
FMT.0120T,0
FMT.0120U,0
FMT.0120V,0
FMT.0120W,0
FMT.0120X,0
FMT.0122A,0
FMT.0122B,0
FMT.0122C,0
FMT.0122D,0
FMT.0122E,0
FMT.0122F,0
FMT.0122G,0
FMT.0122I,0
FMT.0122J,0
FMT.0125A,0
FMT.0125AA,1
FMT.0125B,0
FMT.0125BB,1
FMT.0125C,1
FMT.0125CC,1
FMT.0125D,1
FMT.0125DD,1
FMT.0125E,1
FMT.0125EE,1
FMT.0125F,1
FMT.0125FF,1
FMT.0125G,1
FMT.0125GG,0
FMT.0125H,1
FMT.0125HH,0
FMT.0125I,1
FMT.0125II,0
FMT.0125JJ,0
FMT.0125K,1
FMT.0125L,1
FMT.0125M,1
FMT.0125N,1
FMT.0125O,1
FMT.0125P,1
FMT.0125Q,0
FMT.0125R,0
FMT.0125S,1
FMT.0125T,1
FMT.0125U,1
FMT.0125V,1
FMT.0125W,1
FMT.0125X,1
FMT.0125Y,1
FMT.0125Z,1
FMT.0126A,0
FMT.0126AA,0
FMT.0126B,0
FMT.0126BB,0
FMT.0126CC,0
FMT.0126DD,1
FMT.0126E,0
FMT.0126F,0
FMT.0126FF,0
FMT.0126G,0
FMT.0126GG,1
FMT.0126H,0
FMT.0126HH,1
FMT.0126I,0
FMT.0126II,1
FMT.0126J,0
FMT.0126K,0
FMT.0126KK,1
FMT.0126L,0
FMT.0126LL,1
FMT.0126MM,0
FMT.0126N,0
FMT.0126NN,1
FMT.0126O,0
FMT.0126OO,1
FMT.0126P,0
FMT.0126PP,1
FMT.0126Q,0
FMT.0126QQ,1
FMT.0126R,0
FMT.0126SS,1
FMT.0126T,0
FMT.0126TT,1
FMT.0126U,0
FMT.0126UU,1
FMT.0126VV,1
FMT.0126X,0
FMT.0126Z,0
FMT.0127A,0
FMT.0127B,0
FMT.0127C,0
FMT.0127D,0
FMT.0127E,0
FMT.0127F,0
FMT.0127G,0
FMT.0127H,0
FMT.0127J,0
FMT.0128A,0
FMT.0128B,0
FMT.0128C,0
FMT.0128D,0
FMT.0128E,0
FMT.0128F,0
FMT.0128G,0
FMT.0128H,0
FMT.0128I,0
FMT.0128J,0
FMT.0128K,0
FMT.0128L,0
FMT.0128M,0
FMT.0128N,0
FMT.0128O,0
FMT.0128P,0
FMT.0128Q,0
FMT.0128R,0
FMT.0128S,0
FMT.0128T,0
FMT.0128U,0
FMT.0128V,0
FMT.0128W,0
FMT.0128X,0
FMT.0130A,0
FMT.0130B,0
FMT.0130C,0
FMT.0130D,0
FMT.0130E,0
FMT.0130F,0
FMT.0130G,0
FMT.0130H,0
FMT.0130I,0
FMT.0131A,0
FMT.0131B,0
FMT.0131C,0
FMT.0131D,0
FMT.0131E,0
FMT.0131F,0
FMT.0131G,0
FMT.0131H,0
FMT.0131I,0
FMT.0131J,0
FMT.0131K,0
FMT.0131L,0
FMT.0131M,0
FMT.0131N,0
FMT.0131O,0
FMT.0131P,1
FMT.0131Q,1
FMT.0132A,0
FMT.0132B,0
FMT.0132C,0
FMT.0132D,0
FMT.0133A,0
FMT.0133B,0
FMT.0133C,1
FMT.0134A,0
FMT.0134B,0
FMT.0134C,0
FMT.0134D,0
FMT.0134E,0
FMT.0134F,0
FMT.0136A,0
FMT.0136B,0
FMT.0136C,0
FMT.0136D,0
FMT.0136E,0
FMT.0136F,0
FMT.0136G,0
FMT.0136I,0
FMT.0136J,0
FMT.0136K,0
FMT.0136L,0
FMT.0136M,0
FMT.0136N,0
FMT.0136O,0
FMT.0136P,0
FMT.0137A,1
FMT.0137B,1
FMT.0137C,1
FMT.0137D,1
FMT.0137E,1
FMT.0137F,1
FMT.0137G,1
FMT.0137H,1
FMT.0137I,1
FMT.0137J,1
FMT.0137K,1
FMT.0137L,1
FMT.0137M,1
FMT.0137N,0
FMT.0139A,0
FMT.0139AA,1
FMT.0139B,0
FMT.0139BB,1
FMT.0139C,1
FMT.0139CC,1
FMT.0139D,1
FMT.0139DD,1
FMT.0139E,1
FMT.0139EE,1
FMT.0139F,1
FMT.0139FF,1
FMT.0139G,1
FMT.0139GG,1
FMT.0139H,1
FMT.0139HH,0
FMT.0139I,1
FMT.0139J,1
FMT.0139JJ,1
FMT.0139K,1
FMT.0139KK,1
FMT.0139L,1
FMT.0139M,1
FMT.0139N,1
FMT.0139NN,1
FMT.0139O,1
FMT.0139OO,1
FMT.0139P,1
FMT.0139Q,1
FMT.0139R,1
FMT.0139S,1
FMT.0139T,1
FMT.0139U,1
FMT.0139V,1
FMT.0139W,1
FMT.0139X,1
FMT.0139Y,1
FMT.0139Z,1
FMT.0140A,0
FMT.0140B,0
FMT.0140C,0
FMT.0141A,0
FMT.0141B,0
FMT.0141C,0
FMT.0141D,0
FMT.0141E,0
FMT.0141G,0
FMT.0141H,0
FMT.0141I,0
FMT.0141J,0
FMT.0141K,0
FMT.0141L,0
FMT.0141M,0
FMT.0141N,0
FMT.0141O,0
FMT.0142A,0
FMT.0142AA,0
FMT.0142B,0
FMT.0142BB,0
FMT.0142C,0
FMT.0142D,0
FMT.0142E,0
FMT.0142F,0
FMT.0142G,0
FMT.0142H,0
FMT.0142I,0
FMT.0142J,0
FMT.0142K,0
FMT.0142L,0
FMT.0142M,0
FMT.0142N,0
FMT.0142O,0
FMT.0142P,0
FMT.0142Q,0
FMT.0142R,0
FMT.0142S,0
FMT.0142T,0
FMT.0142U,0
FMT.0142V,0
FMT.0142W,0
FMT.0142X,0
FMT.0142Y,0
FMT.0142Z,0
FMT.0144B,0
FMT.0144C,0
FMT.0144E,0
FMT.0145A,0
FMT.0145B,0
FMT.0145C,0
FMT.0145D,0
FMT.0146B,0
FMT.0146C,0
FMT.0146D,0
FMT.0146E,0
FMT.0146F,0
FMT.0146G,0
FMT.0147AA,1
FMT.0147B,0
FMT.0147BB,0
FMT.0147C,0
FMT.0147CC,1
FMT.0147D,0
FMT.0147E,0
FMT.0147EE,1
FMT.0147F,0
FMT.0147FF,1
FMT.0147G,0
FMT.0147GG,1
FMT.0147H,0
FMT.0147HH,1
FMT.0147I,0
FMT.0147J,1
FMT.0147JJ,1
FMT.0147KK,1
FMT.0147L,1
FMT.0147LL,1
FMT.0147M,1
FMT.0147MM,0
FMT.0147N,1
FMT.0147O,1
FMT.0147P,1
FMT.0147Q,1
FMT.0147R,0
FMT.0147S,1
FMT.0147T,1
FMT.0147U,1
FMT.0147V,1
FMT.0147W,1
FMT.0147Y,1
FMT.0147Z,1
FMT.0151A,0
FMT.0151B,1
FMT.0151C,1
FMT.0151D,1
FMT.0151E,1
FMT.0151F,1
FMT.0151G,1
FMT.0151H,1
FMT.0151I,1
FMT.0151J,0
FMT.0151K,1
FMT.0151L,1
FMT.0151M,1
FMT.0151N,1
FMT.0151O,1
FMT.0152A,0
FMT.0153A,0
FMT.0153B,0
FMT.0153C,0
FMT.0153D,0
FMT.0153E,0
FMT.0153F,0
FMT.0153G,0
FMT.0153H,0
FMT.0153I,0
FMT.0153J,0
FMT.0153K,0
FMT.0153L,0
FMT.0153M,0
FMT.0153N,0
FMT.0153O,0
FMT.0153P,0
FMT.0153Q,0
FMT.0153R,0
FMT.0154A,0
FMT.0154B,0
FMT.0154C,0
FMT.0154D,0
FMT.0154F,0
FMT.0154G,0
FMT.0154H,0
FMT.0154J,1
FMT.0154K,1
FMT.0154L,0
FMT.0154M,0
FMT.0154N,0
FMT.0154P,0
FMT.0154Q,0
FMT.0154R,1
FMT.0154S,1
FMT.0154T,1
FMT.0154U,1
FMT.0154V,1
FMT.0154W,1
FMT.0154X,0
FMT.0155A,0
FMT.0155B,1
FMT.0155C,0
FMT.0155D,0
FMT.0155E,0
FMT.0155F,0
FMT.0155G,0
FMT.0155H,0
FMT.0155I,0
FMT.0155J,0
FMT.0155K,0
FMT.0155L,0
FMT.0155M,0
FMT.0155N,0
FMT.0155O,0
FMT.0155P,0
FMT.0155Q,0
FMT.0156A,0
FMT.0156B,0
FMT.0156C,0
FMT.0156D,0
FMT.0156E,0
FMT.0156F,0
FMT.0156G,0
FMT.0157A,0
FMT.0157B,0
FMT.0157C,0
FMT.0157D,0
FMT.0157E,0
FMT.0157F,0
FMT.0157G,0
FMT.0157H,0
FMT.0157I,0
FMT.0157J,0
FMT.0157K,0
FMT.0157L,0
FMT.0157M,0
FMT.0157N,0
FMT.0157O,0
FMT.0157P,0
FMT.0157Q,0
FMT.0157R,0
FMT.0158A,0
FMT.0158AA,0
FMT.0158B,0
FMT.0158BB,0
FMT.0158C,0
FMT.0158CC,0
FMT.0158D,0
FMT.0158DD,0
FMT.0158E,0
FMT.0158EE,0
FMT.0158F,0
FMT.0158FF,0
FMT.0158G,0
FMT.0158GG,0
FMT.0158H,0
FMT.0158HH,1
FMT.0158I,0
FMT.0158II,1
FMT.0158J,0
FMT.0158JJ,1
FMT.0158K,0
FMT.0158KK,0
FMT.0158L,0
FMT.0158LL,0
FMT.0158M,0
FMT.0158MM,0
FMT.0158N,0
FMT.0158O,0
FMT.0158P,0
FMT.0158Q,0
FMT.0158R,0
FMT.0158S,0
FMT.0158T,0
FMT.0158U,0
FMT.0158V,0
FMT.0158W,0
FMT.0158X,0
FMT.0158Y,0
FMT.0158Z,0
FMT.0159A,0
FMT.0159B,0
FMT.0159E,0
FMT.0159G,0
FMT.0159H,0
FMT.0159I,0
FMT.0159J,0
FMT.0159K,0
FMT.0159L,0
FMT.0159M,0
FMT.0159N,0
FMT.0159O,0
FMT.0159P,0
FMT.0159Q,0
FMT.0159R,0
FMT.0160A,0
FMT.0160B,0
FMT.0160C,0
FMT.0160D,0
FMT.0160E,0
FMT.0160F,0
FMT.0160G,1
FMT.0160H,1
FMT.0160I,1
FMT.0160J,1
FMT.0160K,1
FMT.0160L,1
FMT.0160M,1
FMT.0160N,1
FMT.0160O,1
FMT.0160Q,0
FMT.0160R,0
FMT.0160S,0
FMT.0160T,0
FMT.0160U,0
FMT.0160V,0
FMT.0160W,0
FMT.0160X,0
FMT.0160Y,0
FMT.0160Z,0
FMT.0161A,0
FMT.0161B,0
FMT.0161C,0
FMT.0161D,1
FMT.0161E,0
FMT.0161F,0
FMT.0161H,0
FMT.0161I,0
FMT.0161K,0
FMT.0161L,0
FMT.0161M,0
FMT.0161N,0
FMT.0161O,0
FMT.0161P,0
FMT.0161Q,0
FMT.0161R,0
FMT.0161S,0
FMT.0161U,0
FMT.0161V,0
FMT.0161W,0
FMT.0161X,0
FMT.0162A,0
FMT.0162B,0
FMT.0162C,0
FMT.0162D,0
FMT.0162E,0
FMT.0162F,0
FMT.0162G,0
FMT.0162H,0
FMT.0162I,0
FMT.0162J,0
FMT.0162K,0
FMT.0162L,0
FMT.0162M,0
FMT.0162N,0
FMT.0162O,0
FMT.0162P,0
FMT.0162Q,0
FMT.0162R,0
FMT.0162S,0
FMT.0162T,0
FMT.0162U,0
FMT.0162V,0
FMT.0162W,0
FMT.0162X,0
FMT.0162Y,0
FMT.0163A,0
FMT.0163B,0
FMT.0163C,0
FMT.0163E,0
FMT.0163F,0
FMT.0163G,0
FMT.0163H,0
FMT.0163I,0
FMT.0164A,0
FMT.0164B,0
FMT.0164C,0
FMT.0164D,0
FMT.0164E,0
FMT.0164F,0
FMT.0164G,0
FMT.0164H,0
FMT.0164I,0
FMT.0164J,0
FMT.0164K,0
FMT.0164L,0
FMT.0164M,0
FMT.0164N,0
FMT.0165A,0
FMT.0165B,0
FMT.0165C,0
FMT.0165G,0
FMT.0165H,0
FMT.0165I,0
FMT.0165J,0
FMT.0165K,0
FMT.0165L,0
FMT.0165M,0
FMT.0165N,0
FMT.0165O,0
FMT.0165P,0
FMT.0165Q,0
FMT.0165R,0
FMT.0166A,0
FMT.0166B,0
FMT.0166C,0
FMT.0166D,0
FMT.0166E,0
FMT.0166F,0
FMT.0166G,0
FMT.0166H,0
FMT.0167A,0
FMT.0167B,0
FMT.0167C,1
FMT.0167D,1
FMT.0167E,1
FMT.0167F,1
FMT.0167G,1
FMT.0167H,1
FMT.0167I,1
FMT.0167J,1
FMT.0168A,0
FMT.0168B,0
FMT.0168C,0
FMT.0168D,0
FMT.0168E,0
FMT.0168F,0
FMT.0168G,0
FMT.0168H,0
FMT.0168I,0
FMT.0168J,0
FMT.0169A,0
FMT.0169B,0
FMT.0169C,0
FMT.0169D,0
FMT.0169E,0
FMT.0169F,0
FMT.0169G,0
FMT.0169H,0
FMT.0169I,0
FMT.0169J,0
FMT.0169K,0
FMT.0169L,0
FMT.0169M,0
FMT.0169O,0
FMT.0169P,0
FMT.0171A,0
FMT.0171AA,0
FMT.0171B,0
FMT.0171BB,0
FMT.0171C,0
FMT.0171D,0
FMT.0171F,0
FMT.0171G,0
FMT.0171H,0
FMT.0171I,0
FMT.0171J,0
FMT.0171L,0
FMT.0171M,0
FMT.0171N,0
FMT.0171P,0
FMT.0171Q,0
FMT.0171R,0
FMT.0171S,0
FMT.0171U,0
FMT.0171V,0
FMT.0171W,0
FMT.0171Y,0
FMT.0171Z,0
FMT.0173B,0
FMT.0173C,0
FMT.0173D,0
FMT.0173E,0
FMT.0173F,0
FMT.0173G,0
FMT.0173H,0
FMT.0173I,0
FMT.0173J,0
FMT.0173K,0
FMT.0173L,0
FMT.0173M,0
FMT.0173N,0
FMT.0173P,0
FMT.0173Q,0
FMT.0173R,0
FMT.0173S,0
FMT.0173T,0
FMT.0173U,0
FMT.0174A,0
FMT.0174D,1
FMT.0174E,1
FMT.0174G,1
FMT.0174J,1
FMT.0175A,0
FMT.0175B,0
FMT.0175C,0
FMT.0175D,0
FMT.0175E,0
FMT.0175F,0
FMT.0175G,0
FMT.0175I,0
FMT.0175J,0
FMT.0175K,0
FMT.0175L,0
FMT.0175M,0
FMT.0175N,0
FMT.0175O,0
FMT.0175P,0
FMT.0175Q,0
FMT.0175R,0
FMT.0176A,0
FMT.0176C,1
FMT.0176D,1
FMT.0176DD,0
FMT.0176E,1
FMT.0176EE,0
FMT.0176F,1
FMT.0176FF,0
FMT.0176G,1
FMT.0176GG,0
FMT.0176H,0
FMT.0176HH,0
FMT.0176I,1
FMT.0176II,0
FMT.0176J,1
FMT.0176JJ,1
FMT.0176K,1
FMT.0176KK,1
FMT.0176L,1
FMT.0176LL,1
FMT.0176M,1
FMT.0176N,1
FMT.0176P,1
FMT.0176Q,1
FMT.0176S,1
FMT.0176T,1
FMT.0176U,1
FMT.0176V,1
FMT.0176W,1
FMT.0176X,1
FMT.0176Y,1
FMT.0177A,0
FMT.0177B,0
FMT.0177C,0
FMT.0177D,0
FMT.0177E,0
FMT.0177J,0
FMT.0177K,0
FMT.0177L,0
FMT.0177M,0
FMT.0177N,0
FMT.0177O,0
FMT.0177P,0
FMT.0177R,0
FMT.0177S,0
FMT.0178A,0
FMT.0178AA,0
FMT.0178AAA,0
FMT.0178B,0
FMT.0178BB,0
FMT.0178C,0
FMT.0178CC,0
FMT.0178D,0
FMT.0178DD,0
FMT.0178E,0
FMT.0178F,0
FMT.0178FF,0
FMT.0178G,0
FMT.0178GG,0
FMT.0178H,0
FMT.0178I,0
FMT.0178J,0
FMT.0178JJ,0
FMT.0178K,0
FMT.0178KK,0
FMT.0178L,0
FMT.0178LL,0
FMT.0178M,0
FMT.0178MM,0
FMT.0178N,0
FMT.0178NN,0
FMT.0178O,0
FMT.0178OO,0
FMT.0178P,0
FMT.0178PP,0
FMT.0178Q,0
FMT.0178QQ,0
FMT.0178R,0
FMT.0178RR,1
FMT.0178S,0
FMT.0178SS,1
FMT.0178T,0
FMT.0178TT,1
FMT.0178U,0
FMT.0178UU,1
FMT.0178V,0
FMT.0178VV,1
FMT.0178W,0
FMT.0178WW,1
FMT.0178XX,1
FMT.0178Y,0
FMT.0178YY,0
FMT.0178Z,0
FMT.0178ZZ,0
FMT.0179A,0
FMT.0179B,0
FMT.0179C,0
FMT.0179D,0
FMT.0179E,0
FMT.0179F,0
FMT.0179G,0
FMT.0179H,0
FMT.0179I,0
FMT.0179J,0
FMT.0179K,0
FMT.0179L,0
FMT.0180A,0
FMT.0180B,0
FMT.0180C,0
FMT.0180D,0
FMT.0180E,0
FMT.0180F,0
FMT.0180G,0
FMT.0180H,0
FMT.0180I,0
FMT.0180J,0
FMT.0180K,0
FMT.0180L,0
FMT.0180M,1
FMT.0180N,0
FMT.0181A,0
FMT.0181AA,0
FMT.0181B,0
FMT.0181BB,0
FMT.0181C,0
FMT.0181D,0
FMT.0181E,0
FMT.0181F,0
FMT.0181G,0
FMT.0181H,0
FMT.0181I,0
FMT.0181J,0
FMT.0181K,0
FMT.0181L,0
FMT.0181M,0
FMT.0181N,0
FMT.0181O,0
FMT.0181P,0
FMT.0181Q,0
FMT.0181R,0
FMT.0181S,0
FMT.0181T,0
FMT.0181U,0
FMT.0181V,0
FMT.0181W,0
FMT.0181X,0
FMT.0181Y,0
FMT.0181Z,0
FMT.0182A,0
FMT.0182B,0
FMT.0182C,0
FMT.0182E,1
FMT.0182F,1
FMT.0182G,1
FMT.0182H,1
FMT.0182I,1
FMT.0182K,0
FMT.0182L,1
FMT.0182N,0
FMT.0182O,0
FMT.0182P,0
FMT.0182Q,0
FMT.0182R,0
FMT.0182S,0
FMT.0182T,0
FMT.0182U,0
FMT.0182V,0
FMT.0183A,0
FMT.0183B,0
FMT.0183C,0
FMT.0183D,0
FMT.0183E,0
FMT.0183F,0
FMT.0183G,0
FMT.0183I,0
FMT.0183J,0
FMT.0183K,0
FMT.0183M,1
FMT.0183N,1
FMT.0185A,0
FMT.0185B,0
FMT.0185C,0
FMT.0185D,0
FMT.0185E,0
FMT.0185F,0
FMT.0185G,0
FMT.0185H,0
FMT.0185I,0
FMT.0185J,0
FMT.0185K,0
FMT.0185L,0
FMT.0185M,0
FMT.0185N,0
FMT.0185O,0
FMT.0185P,0
FMT.0185Q,0
FMT.0185R,0
FMT.0185S,0
FMT.0185T,0
FMT.0185U,0
FMT.0185V,0
FMT.0185W,0
FMT.0185X,0
FMT.0185Y,0
FMT.0186A,1
FMT.0186B,0
FMT.0186C,0
FMT.0186D,0
FMT.0186E,0
FMT.0186F,1
FMT.0186G,1
FMT.0186H,1
FMT.0186I,1
FMT.0186J,1
FMT.0186K,1
FMT.0186L,1
FMT.0186M,1
FMT.0186N,1
FMT.0186O,1
FMT.0186P,1
FMT.0186Q,0
FMT.0187A,0
FMT.0187B,0
FMT.0187C,0
FMT.0187D,0
FMT.0187E,0
FMT.0187F,0
FMT.0187G,0
FMT.0187H,0
FMT.0187J,0
FMT.0187K,0
FMT.0187L,0
FMT.0187M,0
FMT.0187O,0
FMT.0187P,0
FMT.0187Q,0
FMT.0187R,0
FMT.0189A,0
FMT.0189B,0
FMT.0189C,0
FMT.0189D,0
FMT.0189E,0
FMT.0189F,0
FMT.0189G,0
FMT.0189H,0
FMT.0189I,0
FMT.0189J,0
FMT.0189K,0
FMT.0189L,0
FMT.0189M,0
FMT.0189N,0
FMT.0189O,0
FMT.0189P,0
FMT.0189S,0
FMT.0189T,1
FMT.0189U,1
FMT.0189V,1
FMT.0189W,1
FMT.0189X,1
FMT.0190A,0
FMT.0190B,0
FMT.0190C,0
FMT.0191A,0
FMT.0191B,0
FMT.0191C,1
FMT.0191D,1
FMT.0191E,1
FMT.0191F,1
FMT.0191G,1
FMT.0191H,1
FMT.0191I,0
FMT.0191J,0
FMT.0191K,1
FMT.0191L,1
FMT.0191O,1
FMT.0191P,1
FMT.0191Q,0
FMT.0191R,0
FMT.0191S,0
FMT.0191T,1
FMT.0191U,1
FMT.0191V,1
FMT.0191W,0
FMT.0191X,1
FMT.0191Y,1
FMT.0192A,0
FMT.0192B,0
FMT.0192C,0
FMT.0192D,0
FMT.0192E,0
FMT.0192F,0
FMT.0192G,0
FMT.0192H,0
FMT.0192I,0
FMT.0192J,0
FMT.0192K,0
FMT.0192L,0
FMT.0192M,0
FMT.0192N,0
FMT.0192O,0
FMT.0192P,0
FMT.0192Q,0
FMT.0192R,0
FMT.0192S,0
FMT.0192T,0
FMT.0192U,0
FMT.0193A,0
FMT.0193B,0
FMT.0193C,0
FMT.0193D,0
FMT.0193E,0
FMT.0193F,0
FMT.0194A,0
FMT.0194B,0
FMT.0194C,0
FMT.0194D,0
FMT.0194E,0
FMT.0194F,0
FMT.0194G,0
FMT.0194H,0
FMT.0194I,0
FMT.0194J,0
FMT.0194K,0
FMT.0194L,0
FMT.0194N,0
FMT.0194O,0
FMT.0194P,0
FMT.0194Q,0
FMT.0194R,0
FMT.0195A,0
FMT.0195B,0
FMT.0195C,0
FMT.0195D,0
FMT.0195E,0
FMT.0195F,0
FMT.0195G,0
FMT.0195H,0
FMT.0195I,1
FMT.0196A,0
FMT.0196B,0
FMT.0196C,0
FMT.0196D,0
FMT.0196E,1
FMT.0196F,1
FMT.0196G,1
FMT.0196H,1
FMT.0196I,1
FMT.0196J,1
FMT.0196K,1
FMT.0196L,1
FMT.0196M,1
FMT.0196N,1
FMT.0196O,1
FMT.0196P,0
FMT.0196Q,0
FMT.0196R,0
FMT.0196S,0
FMT.0196T,0
FMT.0196U,0
FMT.0196V,0
FMT.0196W,0
FMT.0196X,0
FMT.0197A,0
FMT.0197B,0
FMT.0197C,0
FMT.0197D,0
FMT.0197E,0
FMT.0197F,0
FMT.0197G,0
FMT.0197H,0
FMT.0197I,0
FMT.0197K,0
FMT.0197M,0
FMT.0197N,1
FMT.0197O,1
FMT.0197P,1
FMT.0197Q,0
FMT.0197R,0
FMT.0197S,0
FMT.0197T,0
FMT.0197U,0
FMT.0198A,0
FMT.0198B,0
FMT.0198C,0
FMT.0198E,0
FMT.0198G,1
FMT.0198H,1
FMT.0198I,1
FMT.0198J,1
FMT.0199A,0
FMT.0199B,0
FMT.0199C,0
FMT.0200A,0
FMT.0200B,0
FMT.0200C,0
FMT.0200D,0
FMT.0200E,0
FMT.0200F,0
FMT.0200G,0
FMT.0200H,0
FMT.0200I,0
FMT.0200J,0
FMT.0200K,0
FMT.0200L,0
FMT.0200M,0
FMT.0200N,0
FMT.0200O,0
FMT.0200P,0
FMT.0200Q,0
FMT.0200R,0
FMT.0200S,0
FMT.0201A,0
FMT.0201B,0
FMT.0201C,0
FMT.0201D,0
FMT.0201E,0
FMT.0201F,0
FMT.0201G,0
FMT.0201H,0
FMT.0201I,0
FMT.0202A,0
FMT.0202B,0
FMT.0202C,0
FMT.0202D,0
FMT.0202E,1
FMT.0202F,1
FMT.0202G,0
FMT.0202H,0
FMT.0203A,0
FMT.0203B,1
FMT.0203C,1
FMT.0203D,1
FMT.0203E,1
FMT.0203F,1
FMT.0203G,1
FMT.0203H,1
FMT.0204A,0
FMT.0204B,0
FMT.0204C,0
FMT.0204D,0
FMT.0204E,0
FMT.0204F,0
FMT.0204G,0
FMT.0204H,0
FMT.0204I,0
FMT.0204J,0
FMT.0204K,0
FMT.0204L,0
FMT.0204M,0
FMT.0204N,0
FMT.0205A,0
FMT.0205B,0
FMT.0205C,0
FMT.0205D,0
FMT.0205E,0
FMT.0205F,0
FMT.0205G,0
FMT.0205H,0
FMT.0205I,0
FMT.0205J,0
FMT.0205K,0
FMT.0206A,0
FMT.0206B,0
FMT.0206C,0
FMT.0206E,0
FMT.0206F,0
FMT.0206G,0
FMT.0206H,0
FMT.0206I,0
FMT.0206J,0
FMT.0206K,0
FMT.0206L,0
FMT.0206M,0
FMT.0206N,0
FMT.0206O,0
FMT.0206P,0
FMT.0206Q,0
FMT.0206R,0
FMT.0207A,0
FMT.0207AA,0
FMT.0207B,0
FMT.0207C,0
FMT.0207D,0
FMT.0207E,0
FMT.0207F,0
FMT.0207G,0
FMT.0207H,0
FMT.0207I,0
FMT.0207J,0
FMT.0207K,0
FMT.0207L,0
FMT.0207M,0
FMT.0207O,0
FMT.0207P,0
FMT.0207Q,0
FMT.0207R,0
FMT.0207S,0
FMT.0207T,0
FMT.0207V,0
FMT.0207W,0
FMT.0207X,0
FMT.0207Y,0
FMT.0207Z,0
FMT.0208A,0
FMT.0208AA,1
FMT.0208B,0
FMT.0208BB,1
FMT.0208C,0
FMT.0208CC,1
FMT.0208D,0
FMT.0208DD,1
FMT.0208E,0
FMT.0208EE,1
FMT.0208F,0
FMT.0208G,0
FMT.0208H,0
FMT.0208I,0
FMT.0208J,0
FMT.0208K,0
FMT.0208L,0
FMT.0208M,0
FMT.0208N,0
FMT.0208O,0
FMT.0208P,0
FMT.0208Q,0
FMT.0208R,0
FMT.0208S,0
FMT.0208U,1
FMT.0208W,0
FMT.0208X,1
FMT.0208Y,1
FMT.0208Z,1
FMT.0210A,0
FMT.0210B,0
FMT.0211B,0
FMT.0211C,0
FMT.0211D,0
FMT.0211E,0
FMT.0211F,0
FMT.0211G,0
FMT.0211K,0
FMT.0211O,0
FMT.0211Q,0
FMT.0211R,0
FMT.0211S,0
FMT.0211W,0
FMT.0211X,0
FMT.0212A,0
FMT.0212B,1
FMT.0212C,1
FMT.0212D,1
FMT.0212E,1
FMT.0212F,0
FMT.0212G,0
FMT.0212H,1
FMT.0212I,0
FMT.0212K,0
FMT.0212L,0
FMT.0212M,0
FMT.0212N,0
FMT.0212O,0
FMT.0214A,0
FMT.0214B,0
FMT.0214C,0
FMT.0214D,0
FMT.0214F,0
FMT.0215A,0
FMT.0215B,0
FMT.0215C,0
FMT.0215D,0
FMT.0215E,0
FMT.0215G,0
FMT.0215H,0
FMT.0215I,0
FMT.0215J,0
FMT.0216B,0
FMT.0216C,0
FMT.0216D,0
FMT.0216E,0
FMT.0216F,0
FMT.0216G,0
FMT.0216H,0
FMT.0216I,0
FMT.0217B,0
FMT.0217C,0
FMT.0217D,0
FMT.0217E,0
FMT.0217F,0
FMT.0217G,0
FMT.0217H,0
FMT.0217I,0
FMT.0217J,0
FMT.0217K,0
FMT.0217L,0
FMT.0219B,0
FMT.0219C,0
FMT.0219D,0
FMT.0219E,0
FMT.0219F,0
FMT.0219G,0
FMT.0219H,0
FMT.0219J,0
FMT.0220B,0
FMT.0220C,0
FMT.0220D,0
FMT.0220E,0
FMT.0221B,0
FMT.0221C,0
FMT.0221D,0
FMT.0221E,0
FMT.0221F,0
FMT.0221G,0
FMT.0222B,0
FMT.0222C,0
FMT.0222D,0
FMT.0222E,0
FMT.0222F,0
FMT.0222H,0
FMT.0222K,0
FMT.0222L,0
FMT.0222R,0
FMT.0222S,0
FMT.0222T,0
FMT.0222U,0
FMT.0223A,0
FMT.0223B,0
FMT.0223C,0
FMT.0223D,0
FMT.0223E,0
FMT.0223F,0
FMT.0223G,0
FMT.0223H,0
FMT.0224B,0
FMT.0224D,0
FMT.0224E,0
FMT.0224F,0
FMT.0224G,0
FMT.0224H,0
FMT.0224I,0
FMT.0224J,0
FMT.0224K,0
FMT.0224L,0
FMT.0224M,0
FMT.0224N,0
FMT.0224O,0
FMT.0224Q,0
FMT.0224R,0
FMT.0224S,0
FMT.0224T,0
FMT.0224U,0
FMT.0226A,0
FMT.0226B,0
FMT.0226C,1
FMT.0226D,1
FMT.0226E,1
FMT.0227A,0
FMT.0227B,0
FMT.0227D,0
FMT.0227F,0
FMT.0227G,0
FMT.0227H,0
FMT.0227I,0
FMT.0227J,0
FMT.0228A,0
FMT.0228B,0
FMT.0228C,0
FMT.0228D,0
FMT.0228F,0
FMT.0228G,0
FMT.0228H,0
FMT.0228I,0
FMT.0228J,0
FMT.0229B,0
FMT.0229C,0
FMT.0229D,0
FMT.0229E,0
FMT.0229F,0
FMT.0229G,0
FMT.0229H,0
FMT.0229I,0
FMT.0229J,0
FMT.0229K,0
FMT.0229L,0
FMT.0229M,0
FMT.0229N,0
FMT.0229O,0
FMT.0229P,0
FMT.0229Q,0
FMT.0229R,0
FMT.0229S,0
FMT.0230B,0
FMT.0230C,0
FMT.0230D,0
FMT.0231A,0
FMT.0231C,0
FMT.0231D,0
FMT.0231F,0
FMT.0231G,0
FMT.0231H,0
FMT.0232A,0
FMT.0232B,0
FMT.0232C,0
FMT.0232E,0
FMT.0232F,0
FMT.0232G,0
FMT.0232H,0
FMT.0232I,0
FMT.0232J,0
FMT.0232K,0
FMT.0232L,0
FMT.0232M,0
FMT.0232N,0
FMT.0232O,0
FMT.0232Q,0
FMT.0233I,0
FMT.0233J,0
FMT.0233K,0
FMT.0233L,0
FMT.0234A,0
FMT.0236A,0
FMT.0236B,0
FMT.0236C,0
FMT.0236D,0
FMT.0236E,0
FMT.0236F,0
FMT.0236G,0
FMT.0236H,0
FMT.0236I,0
FMT.0236L,0
FMT.0236M,0
FMT.0236N,0
FMT.0236O,0
FMT.0237B,0
FMT.0237C,0
FMT.0237D,0
FMT.0237E,0
FMT.0237F,0
FMT.0237G,0
FMT.0237H,0
FMT.0237I,0
FMT.0238A,0
FMT.0238B,0
FMT.0238D,1
FMT.0238E,0
FMT.0238G,0
FMT.0238H,0
FMT.0239B,0
FMT.0239C,0
FMT.0239D,0
FMT.0239E,0
FMT.0239F,0
FMT.0239G,0
FMT.0239H,0
FMT.0239I,0
FMT.0239J,0
FMT.0239K,0
FMT.0240A,0
FMT.0240B,0
FMT.0240C,0
FMT.0240D,0
FMT.0240E,0
FMT.0240G,0
FMT.0240I,0
FMT.0240K,0
FMT.0240L,0
FMT.0240M,0
FMT.0240N,0
FMT.0240O,0
FMT.0241B,0
FMT.0241C,0
FMT.0241D,0
FMT.0241E,0
FMT.0241F,0
FMT.0241G,0
FMT.0242A,0
FMT.0242B,0
FMT.0242C,0
FMT.0242D,0
FMT.0242E,0
FMT.0242F,0
FMT.0242G,0
FMT.0242H,0
FMT.0242I,0
FMT.0243B,0
FMT.0243C,0
FMT.0243D,0
FMT.0243H,0
FMT.0243I,0
FMT.0243J,0
FMT.0243K,0
FMT.0243L,0
FMT.0244B,0
FMT.0244C,0
FMT.0244D,0
FMT.0244E,0
FMT.0244F,0
FMT.0244G,0
FMT.0244H,0
FMT.0244I,0
FMT.0244J,0
FMT.0244K,0
FMT.0244L,0
FMT.0244M,0
FMT.0244N,0
FMT.0244O,0
FMT.0244P,0
FMT.0244Q,0
FMT.0244R,0
FMT.0245B,0
FMT.0245D,0
FMT.0245E,0
FMT.0245F,0
FMT.0245G,0
FMT.0245H,0
FMT.0245I,0
FMT.0245J,0
FMT.0245K,0
FMT.0245L,0
FMT.0245M,0
FMT.0245N,0
FMT.0245O,0
FMT.0245P,0
FMT.0245Q,0
FMT.0248A,0
FMT.0248B,0
FMT.0248C,0
FMT.0248D,0
FMT.0248E,0
FMT.0248F,0
FMT.0248G,0
FMT.0248H,0
FMT.0248I,0
FMT.0249A,0
FMT.0249B,0
FMT.0249C,0
FMT.0249D,0
FMT.0249E,0
FMT.0250A,0
FMT.0250AA,0
FMT.0250B,0
FMT.0250C,0
FMT.0250D,0
FMT.0250E,0
FMT.0250F,0
FMT.0250G,0
FMT.0250H,0
FMT.0250I,0
FMT.0250J,0
FMT.0250K,0
FMT.0250L,0
FMT.0250M,0
FMT.0250P,0
FMT.0250R,1
FMT.0250U,0
FMT.0250V,0
FMT.0250W,0
FMT.0250X,0
FMT.0250Y,0
FMT.0250Z,0
FMT.0251A,0
FMT.0251B,0
FMT.0251C,0
FMT.0251D,0
FMT.0251E,0
FMT.0251G,0
FMT.0251H,0
FMT.0251I,0
FMT.0251J,0
FMT.0251L,0
