genome	name1	name2	coverage_overlap	compared_bases_count	consensus_SNPs	population_SNPs	popANI	conANI	percent_compared	pt1	pt2	same.pt	cluster
SRR14092258__7.fa	SRR14140861	SRR14140860	0.999656504379104	37814	0	0	1	1	0.999524212307042	1044M	1044M	TRUE	2_0
SRR14092258__7.fa	SRR14140862	SRR14140860	0.996047786068233	30954	6	0	1	0.999806163985268	0.818196235990696	1044M	1044M	TRUE	2_0
SRR14092258__7.fa	SRR14140862	SRR14140861	0.996402501199602	30953	6	0	1	0.999806157722999	0.818169803341087	1044M	1044M	TRUE	2_0
SRR14092258__7.fa	SRR14140864	SRR14140860	0.99601780060083	30957	6	0	1	0.999806182769648	0.818275533939522	1044M	1044M	TRUE	2_0
SRR14092258__7.fa	SRR14140864	SRR14140861	0.995984659761039	30950	6	0	1	0.999806138933764	0.81809050539226	1044M	1044M	TRUE	2_0
SRR14092258__7.fa	SRR14140864	SRR14140862	0.999516859282587	30948	0	0	1	1	0.818037640093043	1044M	1044M	TRUE	2_0
SRR14092258__7.fa	SRR14140867	SRR14140860	0.999023275070996	37790	0	0	1	1	0.998889828716431	1044L	1044M	FALSE	2_0
SRR14092258__7.fa	SRR14140867	SRR14140861	0.999365909396182	37790	0	0	1	1	0.998889828716431	1044L	1044M	FALSE	2_0
SRR14092258__7.fa	SRR14140867	SRR14140862	0.995948485844566	30934	6	0	1	0.99980603866296	0.81766758299852	1044L	1044M	FALSE	2_0
SRR14092258__7.fa	SRR14140867	SRR14140864	0.995853865619417	30936	6	0	1	0.999806051202483	0.817720448297737	1044L	1044M	FALSE	2_0
SRR14092258__7.fa	SRR14140870	SRR14140860	0.999366126603813	37803	0	0	1	1	0.999233453161345	1044J	1044M	FALSE	2_0
SRR14092258__7.fa	SRR14140870	SRR14140861	0.999709227389264	37803	0	0	1	1	0.999233453161345	1044J	1044M	FALSE	2_0
SRR14092258__7.fa	SRR14140870	SRR14140862	0.99636951794543	30947	6	0	1	0.999806120140886	0.818011207443434	1044J	1044M	FALSE	2_0
SRR14092258__7.fa	SRR14140870	SRR14140864	0.996145530564888	30947	6	0	1	0.999806120140886	0.818011207443434	1044J	1044M	FALSE	2_0
SRR14092258__7.fa	SRR14140870	SRR14140867	0.999656286689056	37790	0	0	1	1	0.998889828716431	1044J	1044L	FALSE	2_0
SRR13697207__bin.1.fa	SRR14140813	SRR14140868	0.997516696704693	2168567	61	0	1	0.999971870825296	0.953992457159649	1044I	1044J	FALSE	8_1
SRR13697207__bin.1.fa	SRR14140813	SRR14140869	0.996668520829657	2170126	42	0	1	0.999980646285054	0.954678289896527	1044I	1044J	FALSE	8_1
SRR13697207__bin.1.fa	SRR14140813	SRR14140871	0.997428424309899	2170193	52	0	1	0.999976038997453	0.954707764427233	1044I	1044J	FALSE	8_1
SRR13697207__bin.1.fa	SRR14140813	SRR14140872	0.997592060291084	2168919	71	0	1	0.999967264798732	0.954147308425449	1044I	1044I	TRUE	8_1
SRR13697207__bin.1.fa	SRR14140813	SRR14140873	0.997120705299096	2166445	48	0	1	0.999977843887105	0.953058950381167	1044I	1044I	TRUE	8_1
SRR13697207__bin.1.fa	SRR14140819	SRR14140813	0.997433273666108	2166120	47	0	1	0.99997830221779	0.952915976911324	1044H	1044I	FALSE	8_1
SRR13697207__bin.1.fa	SRR14140819	SRR14140868	0.997177768598301	2165667	48	0	1	0.999977835927684	0.952716693890282	1044H	1044J	FALSE	8_1
SRR13697207__bin.1.fa	SRR14140819	SRR14140869	0.995588248899251	2166319	42	0	1	0.999980612273631	0.953003520666705	1044H	1044J	FALSE	8_1
SRR13697207__bin.1.fa	SRR14140819	SRR14140871	0.996366587350416	2166437	52	0	1	0.99997599745573	0.953055431034217	1044H	1044J	FALSE	8_1
SRR13697207__bin.1.fa	SRR14140819	SRR14140872	0.997362980436335	2166166	48	0	1	0.99997784103342	0.952936213156287	1044H	1044I	FALSE	8_1
SRR13697207__bin.1.fa	SRR14140819	SRR14140873	0.997592923236692	2164502	55	0	1	0.999974589998069	0.952204188990691	1044H	1044I	FALSE	8_1
SRR13697207__bin.1.fa	SRR14140830	SRR14140813	0.997781502089523	2167615	49	0	1	0.999977394509634	0.953573654872602	1044H	1044I	FALSE	8_1
SRR13697207__bin.1.fa	SRR14140830	SRR14140819	0.998034566754766	2165405	59	0	1	0.999972753364844	0.95260143527767	1044H	1044H	TRUE	8_1
SRR13697207__bin.1.fa	SRR14140830	SRR14140868	0.99748774972382	2167121	57	0	1	0.999973697823056	0.953356335198441	1044H	1044J	FALSE	8_1
SRR13697207__bin.1.fa	SRR14140830	SRR14140869	0.996276062594178	2168252	66	0	1	0.999969560733715	0.953853882873494	1044H	1044J	FALSE	8_1
SRR13697207__bin.1.fa	SRR14140830	SRR14140871	0.996880296446237	2168140	59	0	1	0.999972787735109	0.953804612016194	1044H	1044J	FALSE	8_1
SRR13697207__bin.1.fa	SRR14140830	SRR14140872	0.997557731068549	2167483	68	0	1	0.999968627204919	0.953515585647927	1044H	1044I	FALSE	8_1
SRR13697207__bin.1.fa	SRR14140830	SRR14140873	0.997552832260692	2165547	79	0	1	0.999963519609595	0.952663903686032	1044H	1044I	FALSE	8_1
SRR13697207__bin.1.fa	SRR14140841	SRR14140813	0.997895931270105	2170294	65	0	1	0.999970050140672	0.954752196182476	1044H	1044I	FALSE	8_1
SRR13697207__bin.1.fa	SRR14140841	SRR14140819	0.996460064214	2166103	67	0	1	0.999969068876226	0.952908498299056	1044H	1044H	TRUE	8_1
SRR13697207__bin.1.fa	SRR14140841	SRR14140830	0.997123865571904	2167984	90	0	1	0.9999584867785	0.95373598475067	1044H	1044H	TRUE	8_1
SRR13697207__bin.1.fa	SRR14140841	SRR14140869	0.997189388068099	2171873	59	0	1	0.999972834507358	0.955446827286729	1044H	1044J	FALSE	8_1
SRR13697207__bin.1.fa	SRR14140841	SRR14140871	0.998047564447732	2172040	93	0	1	0.999957183108967	0.955520293654309	1044H	1044J	FALSE	8_1
SRR13697207__bin.1.fa	SRR14140841	SRR14140872	0.997424698489717	2169869	82	0	1	0.999962209700217	0.954565230875759	1044H	1044I	FALSE	8_1
SRR13697207__bin.1.fa	SRR14140841	SRR14140873	0.996501222261769	2166842	81	0	1	0.999962618409649	0.95323359797356	1044H	1044I	FALSE	8_1
SRR13697207__bin.1.fa	SRR14140852	SRR14140813	0.997307207733677	2169490	51	0	1	0.999976492170971	0.954398501814003	1044G	1044I	FALSE	8_1
SRR13697207__bin.1.fa	SRR14140852	SRR14140819	0.996753218756695	2166340	43	0	1	0.999980150853513	0.953012758952449	1044G	1044H	FALSE	8_1
SRR13697207__bin.1.fa	SRR14140852	SRR14140830	0.996903076658809	2167612	74	0	1	0.999965861048933	0.953572335117496	1044G	1044H	FALSE	8_1
SRR13697207__bin.1.fa	SRR14140852	SRR14140841	0.997341294071827	2170665	71	0	1	0.999967291129677	0.954915405897282	1044G	1044H	FALSE	8_1
SRR13697207__bin.1.fa	SRR14140852	SRR14140868	0.997065188982202	2169050	41	0	1	0.99998109771559	0.954204937731755	1044G	1044J	FALSE	8_1
SRR13697207__bin.1.fa	SRR14140852	SRR14140869	0.996986318247325	2171516	44	0	1	0.999979737657931	0.955289776429086	1044G	1044J	FALSE	8_1
SRR13697207__bin.1.fa	SRR14140852	SRR14140871	0.997449705002337	2171231	48	0	1	0.999977892725371	0.955164399693993	1044G	1044J	FALSE	8_1
SRR13697207__bin.1.fa	SRR14140852	SRR14140872	0.996974366985592	2169217	47	0	1	0.999978333195803	0.954278404099335	1044G	1044I	FALSE	8_1
SRR13697207__bin.1.fa	SRR14140852	SRR14140873	0.996586274674769	2166831	41	0	1	0.999981078358211	0.953228758871504	1044G	1044I	FALSE	8_1
SRR13697207__bin.1.fa	SRR14140858	SRR14140857	0.999998680252849	2273120	13	0	1	0.999994280988245	0.999987242367306	1044P	1044P	TRUE	8_1
SRR13697207__bin.1.fa	SRR14140859	SRR14140857	0.999988128810712	2273095	13	0	1	0.999994280925346	0.999976244408088	1044P	1044P	TRUE	8_1
SRR13697207__bin.1.fa	SRR14140859	SRR14140858	0.99998768941612	2273094	10	0	1	0.999995600709869	0.999975804489719	1044P	1044P	TRUE	8_1
SRR13697207__bin.1.fa	SRR14140861	SRR14140860	0.999984604242479	2272868	13	0	1	0.99999428035416	0.999876382938382	1044M	1044M	TRUE	8_1
SRR13697207__bin.1.fa	SRR14140863	SRR14140813	0.997737350595882	2170314	58	0	1	0.999973275756411	0.954760994549851	1044G	1044I	FALSE	8_1
SRR13697207__bin.1.fa	SRR14140863	SRR14140819	0.996491881895636	2166352	46	0	1	0.99997876614696	0.953018037972874	1044G	1044H	FALSE	8_1
SRR13697207__bin.1.fa	SRR14140863	SRR14140830	0.997140140192388	2168211	66	0	1	0.999969560158121	0.953835846220375	1044G	1044H	FALSE	8_1
SRR13697207__bin.1.fa	SRR14140863	SRR14140841	0.99793285032853	2171675	75	0	1	0.999965464445647	0.955359723449717	1044G	1044H	FALSE	8_1
SRR13697207__bin.1.fa	SRR14140863	SRR14140852	0.997345644792442	2170874	53	0	1	0.999975585870023	0.95500734883635	1044G	1044G	TRUE	8_1
SRR13697207__bin.1.fa	SRR14140863	SRR14140868	0.997032157861248	2169339	68	0	1	0.999968654046232	0.954332074140323	1044G	1044J	FALSE	8_1
SRR13697207__bin.1.fa	SRR14140863	SRR14140869	0.99751628316353	2172462	66	0	1	0.999969619721772	0.955705939205921	1044G	1044J	FALSE	8_1
SRR13697207__bin.1.fa	SRR14140863	SRR14140871	0.997555059974039	2171681	54	0	1	0.999975134469565	0.955362362959929	1044G	1044J	FALSE	8_1
SRR13697207__bin.1.fa	SRR14140863	SRR14140872	0.997375607763329	2170009	68	0	1	0.999968663724436	0.954626819447383	1044G	1044I	FALSE	8_1
SRR13697207__bin.1.fa	SRR14140863	SRR14140873	0.996525759222802	2167082	71	0	1	0.999967237049636	0.953339178382059	1044G	1044I	FALSE	8_1
SRR13697207__bin.1.fa	SRR14140864	SRR14140857	0.999989443378771	2273121	8	0	1	0.999996480609699	0.999987682285675	1044M	1044P	FALSE	8_1
SRR13697207__bin.1.fa	SRR14140864	SRR14140858	0.999989883190548	2273121	11	0	1	0.999995160838336	0.999987682285675	1044M	1044P	FALSE	8_1
SRR13697207__bin.1.fa	SRR14140864	SRR14140859	0.99997845497131	2273095	15	0	1	0.999993401067707	0.999976244408088	1044M	1044P	FALSE	8_1
SRR13697207__bin.1.fa	SRR14140865	SRR14140860	0.99996352376865	2272801	15	0	1	0.999993400214097	0.999846908407676	1044L	1044M	FALSE	8_1
SRR13697207__bin.1.fa	SRR14140865	SRR14140861	0.999961311599388	2272800	16	0	1	0.999992960225273	0.999846468489307	1044L	1044M	FALSE	8_1
SRR13697207__bin.1.fa	SRR14140866	SRR14140860	0.998331645072479	2269050	37	0	1	0.999983693616271	0.998196774606504	1044L	1044M	FALSE	8_1
SRR13697207__bin.1.fa	SRR14140866	SRR14140861	0.998330167968048	2269050	46	0	1	0.999979727198607	0.998196774606504	1044L	1044M	FALSE	8_1
SRR13697207__bin.1.fa	SRR14140866	SRR14140865	0.998367323458127	2269050	50	0	1	0.999977964346312	0.998196774606504	1044L	1044L	TRUE	8_1
SRR13697207__bin.1.fa	SRR14140869	SRR14140868	0.996494393200066	2169764	53	0	1	0.999975573380331	0.95451903944704	1044J	1044J	TRUE	8_1
SRR13697207__bin.1.fa	SRR14140871	SRR14140868	0.997126805627711	2169674	52	0	1	0.999976033265827	0.954479446793853	1044J	1044J	TRUE	8_1
SRR13697207__bin.1.fa	SRR14140871	SRR14140869	0.99719442208788	2172324	54	0	1	0.999975141829672	0.955645230471034	1044J	1044J	TRUE	8_1
SRR13697207__bin.1.fa	SRR14140872	SRR14140868	0.99707946729418	2168177	43	0	1	0.999980167670813	0.953820888995838	1044I	1044J	FALSE	8_1
SRR13697207__bin.1.fa	SRR14140872	SRR14140869	0.996891449148776	2170500	42	0	1	0.999980649619903	0.954842819366438	1044I	1044J	FALSE	8_1
SRR13697207__bin.1.fa	SRR14140872	SRR14140871	0.997383458418789	2170263	54	0	1	0.999975118222999	0.954738558713045	1044I	1044J	FALSE	8_1
SRR13697207__bin.1.fa	SRR14140873	SRR14140868	0.997015489263363	2166166	49	0	1	0.999977379388283	0.952936213156287	1044I	1044J	FALSE	8_1
SRR13697207__bin.1.fa	SRR14140873	SRR14140869	0.995822772139381	2167305	35	0	1	0.999983850911616	0.95343728017829	1044I	1044J	FALSE	8_1
SRR13697207__bin.1.fa	SRR14140873	SRR14140871	0.996520251980694	2167297	46	0	1	0.999978775405494	0.95343376083134	1044I	1044J	FALSE	8_1
SRR13697207__bin.1.fa	SRR14140873	SRR14140872	0.997034590714208	2166465	43	0	1	0.999980151998763	0.953067748748542	1044I	1044I	TRUE	8_1
SRR13697207__bin.1.fa	SRR14140874	SRR14140813	0.99821858555426	2168736	73	0	1	0.999966339840349	0.954066803363968	1044G	1044I	FALSE	8_1
SRR13697207__bin.1.fa	SRR14140874	SRR14140819	0.997813305222853	2165775	62	0	1	0.999971372834205	0.952764205074106	1044G	1044H	FALSE	8_1
SRR13697207__bin.1.fa	SRR14140874	SRR14140830	0.998461241238527	2167605	65	0	1	0.999970012986683	0.953569255688914	1044G	1044H	FALSE	8_1
SRR13697207__bin.1.fa	SRR14140874	SRR14140841	0.997594016754157	2169154	93	0	1	0.999957126142266	0.954250689242104	1044G	1044H	FALSE	8_1
SRR13697207__bin.1.fa	SRR14140874	SRR14140852	0.997192447002993	2168567	74	0	1	0.999965876083146	0.953992457159649	1044G	1044G	TRUE	8_1
SRR13697207__bin.1.fa	SRR14140874	SRR14140863	0.997605776084095	2169376	63	0	1	0.999970959391088	0.954348351119966	1044G	1044G	TRUE	8_1
SRR13697207__bin.1.fa	SRR14140874	SRR14140868	0.997677594625106	2167961	79	0	1	0.999963560230096	0.953725866628188	1044G	1044J	FALSE	8_1
SRR13697207__bin.1.fa	SRR14140874	SRR14140869	0.99665903001114	2169329	70	0	1	0.99996773195767	0.954327674956635	1044G	1044J	FALSE	8_1
SRR13697207__bin.1.fa	SRR14140874	SRR14140871	0.997389554535469	2169356	67	0	1	0.999969115258169	0.954339552752591	1044G	1044J	FALSE	8_1
SRR13697207__bin.1.fa	SRR14140874	SRR14140872	0.997537465100856	2168081	72	0	1	0.999966790908642	0.953778656832438	1044G	1044I	FALSE	8_1
SRR13697207__bin.1.fa	SRR14140874	SRR14140873	0.997487221817203	2166092	69	0	1	0.999968145397333	0.952903659196999	1044G	1044I	FALSE	8_1
SRR13697207__bin.1.fa	SRR14140875	SRR14140813	0.996177996215065	2169873	68	0	1	0.999968661760389	0.954566990549234	1044G	1044I	FALSE	8_1
SRR13697207__bin.1.fa	SRR14140875	SRR14140819	0.99521415846297	2166170	57	0	1	0.999973686275777	0.952937972829762	1044G	1044H	FALSE	8_1
SRR13697207__bin.1.fa	SRR14140875	SRR14140830	0.995736598554531	2167919	92	0	1	0.99995756299013	0.953707390056701	1044G	1044H	FALSE	8_1
SRR13697207__bin.1.fa	SRR14140875	SRR14140841	0.996839075643466	2171779	81	0	1	0.999962703387407	0.955405474960066	1044G	1044H	FALSE	8_1
SRR13697207__bin.1.fa	SRR14140875	SRR14140852	0.996787940407302	2171607	48	0	1	0.999977896553106	0.955329809000642	1044G	1044G	TRUE	8_1
SRR13697207__bin.1.fa	SRR14140875	SRR14140863	0.997076331532297	2172269	62	0	1	0.999971458415141	0.955621034960753	1044G	1044G	TRUE	8_1
SRR13697207__bin.1.fa	SRR14140875	SRR14140868	0.995823943035114	2169260	68	0	1	0.999968652904677	0.954297320589191	1044G	1044J	FALSE	8_1
SRR13697207__bin.1.fa	SRR14140875	SRR14140869	0.99676448303722	2172951	51	0	1	0.999976529613415	0.955921059288238	1044G	1044J	FALSE	8_1
SRR13697207__bin.1.fa	SRR14140875	SRR14140871	0.99693006083781	2172322	61	0	1	0.999971919448406	0.955644350634296	1044G	1044J	FALSE	8_1
SRR13697207__bin.1.fa	SRR14140875	SRR14140872	0.995885331202128	2169626	69	0	1	0.999968197283772	0.954458330712153	1044G	1044I	FALSE	8_1
SRR13697207__bin.1.fa	SRR14140875	SRR14140873	0.995214661369951	2166867	54	0	1	0.99997507922729	0.953244595932779	1044G	1044I	FALSE	8_1
SRR13697207__bin.1.fa	SRR14140875	SRR14140874	0.996095413296758	2168969	77	0	1	0.999964499262092	0.954169304343886	1044G	1044G	TRUE	8_1
SRR13697207__bin.1.fa	SRR14140870	SRR14140867	0.999990762910611	2273109	8	1	0.99999956007389	0.99999648059112	0.99998240326525	1044J	1044L	FALSE	8_1
SRR13697207__bin.1.fa	SRR14140875	SRR14140814	0.996843140419325	2173781	56	1	0.999999539972058	0.999974238435243	0.956286191534299	1044G	1044I	FALSE	8_1
SRR13697207__bin.1.fa	SRR14140814	SRR14140869	0.997101921009256	2173775	38	1	0.999999539970788	0.999982518889949	0.956283552024086	1044I	1044J	FALSE	8_1
SRR13697207__bin.1.fa	SRR14140814	SRR14140871	0.997411794953892	2173302	60	1	0.999999539870667	0.999972392240011	0.956075470635669	1044I	1044J	FALSE	8_1
SRR13697207__bin.1.fa	SRR14140863	SRR14140814	0.997403254976753	2173069	49	1	0.999999539821331	0.99997745124522	0.955972969655751	1044G	1044I	FALSE	8_1
SRR13697207__bin.1.fa	SRR14140841	SRR14140814	0.997228170911596	2172661	60	1	0.999999539734915	0.999972384094896	0.955793482961302	1044H	1044I	FALSE	8_1
SRR13697207__bin.1.fa	SRR14140852	SRR14140814	0.996537752715704	2171715	45	1	0.999999539534423	0.999979279049046	0.955377320184467	1044G	1044I	FALSE	8_1
SRR13697207__bin.1.fa	SRR14140814	SRR14140813	0.996708536919381	2170912	51	1	0.999999539364101	0.999976507569169	0.955024065734362	1044I	1044I	TRUE	8_1
SRR13697207__bin.1.fa	SRR14140814	SRR14140872	0.996466843841921	2170739	51	1	0.99999953932739	0.999976505696908	0.954947959856569	1044I	1044I	TRUE	8_1
SRR13697207__bin.1.fa	SRR14140814	SRR14140868	0.996275177036331	2170223	60	1	0.999999539217859	0.999972353071551	0.954720961978295	1044I	1044J	FALSE	8_1
SRR13697207__bin.1.fa	SRR14140874	SRR14140814	0.996306118290932	2169634	56	1	0.999999539092769	0.999974189195044	0.954461850059103	1044G	1044I	FALSE	8_1
SRR13697207__bin.1.fa	SRR14140815	SRR14140871	0.99738224744358	2169383	67	1	0.999999539039441	0.999969115642558	0.954351430548547	1044H	1044J	FALSE	8_1
SRR13697207__bin.1.fa	SRR14140863	SRR14140815	0.997499215929762	2169290	64	1	0.999999539019679	0.999970497259472	0.954310518140254	1044G	1044H	FALSE	8_1
SRR13697207__bin.1.fa	SRR14140815	SRR14140869	0.996570391657769	2169265	58	1	0.999999539014367	0.999973262833264	0.954299520181035	1044H	1044J	FALSE	8_1
SRR13697207__bin.1.fa	SRR14140841	SRR14140868	0.99711625903405	2169232	93	1	0.999999539007354	0.999957127683899	0.954285002874867	1044H	1044J	FALSE	8_1
SRR13697207__bin.1.fa	SRR14140875	SRR14140815	0.996251699253381	2169201	78	1	0.999999539000766	0.999964042059726	0.954271365405435	1044G	1044H	FALSE	8_1
SRR13697207__bin.1.fa	SRR14140841	SRR14140815	0.997415790550687	2168989	73	1	0.999999538955707	0.999966343766612	0.954178102711261	1044H	1044H	TRUE	8_1
SRR13697207__bin.1.fa	SRR14140852	SRR14140815	0.997238402514868	2168657	54	1	0.999999538885126	0.999975099796787	0.954032049812837	1044G	1044H	FALSE	8_1
SRR13697207__bin.1.fa	SRR14140830	SRR14140814	0.995830687546085	2168439	56	1	0.999999538838768	0.999974174971028	0.95393614760845	1044H	1044I	FALSE	8_1
SRR13697207__bin.1.fa	SRR14140815	SRR14140813	0.997820337326111	2168321	49	1	0.999999538813672	0.999977401869926	0.953884237240938	1044H	1044I	FALSE	8_1
SRR13697207__bin.1.fa	SRR14140815	SRR14140872	0.9976492736254	2168243	67	1	0.999999538797081	0.999969099404449	0.953849923608175	1044H	1044I	FALSE	8_1
SRR13697207__bin.1.fa	SRR14140874	SRR14140815	0.998065625505587	2167804	57	1	0.999999538703684	0.999973706109962	0.953656799444295	1044G	1044H	FALSE	8_1
SRR13697207__bin.1.fa	SRR14140814	SRR14140873	0.99533609137697	2167402	51	1	0.999999538618124	0.999976469524343	0.953479952260059	1044I	1044I	TRUE	8_1
SRR13697207__bin.1.fa	SRR14140830	SRR14140815	0.997875690374621	2166969	50	1	0.999999538525932	0.999976926296592	0.953289467606391	1044H	1044H	TRUE	8_1
SRR13697207__bin.1.fa	SRR14140819	SRR14140814	0.995053293792545	2166392	45	1	0.999999538403022	0.999979228135998	0.953035634707624	1044H	1044I	FALSE	8_1
SRR13697207__bin.1.fa	SRR14140819	SRR14140815	0.997814834420997	2165795	56	1	0.999999538275783	0.999974143443862	0.952773003441481	1044H	1044H	TRUE	8_1
SRR13697207__bin.1.fa	SRR14140815	SRR14140814	0.996319033407496	2169696	51	2	0.999999078211879	0.999976494402902	0.954489124997965	1044H	1044I	FALSE	8_1
SRR13697207__bin.1.fa	SRR14140815	SRR14140868	0.997607878848571	2167917	69	2	0.999999077455456	0.999968172213235	0.953706510219964	1044H	1044J	FALSE	8_1
SRR13697207__bin.1.fa	SRR14140815	SRR14140873	0.997213452285018	2165805	74	2	0.99999907655583	0.99996583256572	0.952777402625169	1044H	1044I	FALSE	8_1
SRR13697207__bin.1.fa	SRR14140862	SRR14140857	0.999998680252269	2273119	11	3	0.999998680227476	0.999995160834079	0.999986802448938	1044M	1044P	FALSE	8_1
SRR13697207__bin.1.fa	SRR14140862	SRR14140858	0.99999912019239	2273119	20	3	0.999998680227476	0.999991201516507	0.999986802448938	1044M	1044P	FALSE	8_1
SRR13697207__bin.1.fa	SRR14140864	SRR14140862	0.999989003577706	2273119	15	3	0.999998680227476	0.99999340113738	0.999986802448938	1044M	1044M	TRUE	8_1
SRR13697207__bin.1.fa	SRR14140867	SRR14140857	0.999994282207578	2273109	52	3	0.99999868022167	0.999977123842279	0.99998240326525	1044L	1044P	FALSE	8_1
SRR13697207__bin.1.fa	SRR14140867	SRR14140858	0.999994722353304	2273109	43	3	0.99999868022167	0.99998108317727	0.99998240326525	1044L	1044P	FALSE	8_1
SRR13697207__bin.1.fa	SRR14140867	SRR14140864	0.99998460671232	2273109	52	3	0.99999868022167	0.999977123842279	0.99998240326525	1044L	1044M	FALSE	8_1
SRR13697207__bin.1.fa	SRR14140862	SRR14140859	0.999988568215205	2273094	18	3	0.999998680212961	0.999992081277765	0.999975804489719	1044M	1044P	FALSE	8_1
SRR13697207__bin.1.fa	SRR14140867	SRR14140859	0.999992963431695	2273094	43	3	0.999998680212961	0.999981083052439	0.999975804489719	1044L	1044P	FALSE	8_1
SRR13697207__bin.1.fa	SRR14140870	SRR14140864	0.999992963539137	2273129	50	4	0.999998240311043	0.999978003888033	0.999991201632625	1044J	1044M	FALSE	8_1
SRR13697207__bin.1.fa	SRR14140870	SRR14140857	0.999988563821527	2273113	48	4	0.999998240298656	0.999978883583878	0.999984162938725	1044J	1044P	FALSE	8_1
SRR13697207__bin.1.fa	SRR14140870	SRR14140858	0.999987244490693	2273111	39	4	0.999998240297108	0.999982842896805	0.999983283101988	1044J	1044P	FALSE	8_1
SRR13697207__bin.1.fa	SRR14140870	SRR14140859	0.999984606618525	2273095	39	4	0.999998240284722	0.999982842776039	0.999976244408088	1044J	1044P	FALSE	8_1
SRR13697207__bin.1.fa	SRR14140867	SRR14140862	0.999995601757436	2273109	55	6	0.99999736044334	0.999975804063949	0.99998240326525	1044L	1044M	FALSE	8_1
SRR13697207__bin.1.fa	SRR14140870	SRR14140862	0.999988123975514	2273111	51	7	0.999996920519939	0.99997756378813	0.999983283101988	1044J	1044M	FALSE	8_1
SRR13697207__bin.1.fa	SRR14140867	SRR14140866	0.998233208420349	2269050	338	291	0.999871752495538	0.999851038981071	0.998196774606504	1044L	1044L	TRUE	8_1
SRR13697207__bin.1.fa	SRR14140870	SRR14140866	0.998223982709043	2269050	335	292	0.999871311782464	0.999852361120293	0.998196774606504	1044J	1044L	FALSE	8_1
SRR13697207__bin.1.fa	SRR14140866	SRR14140857	0.998227633828055	2269050	372	294	0.999870430356317	0.999836054736564	0.998196774606504	1044L	1044P	FALSE	8_1
SRR13697207__bin.1.fa	SRR14140866	SRR14140858	0.998228088705302	2269050	369	294	0.999870430356317	0.999837376875785	0.998196774606504	1044L	1044P	FALSE	8_1
SRR13697207__bin.1.fa	SRR14140866	SRR14140859	0.998239171357577	2269050	368	294	0.999870430356317	0.999837817588859	0.998196774606504	1044L	1044P	FALSE	8_1
SRR13697207__bin.1.fa	SRR14140866	SRR14140864	0.998218024680045	2269050	370	294	0.999870430356317	0.999836936162711	0.998196774606504	1044L	1044M	FALSE	8_1
SRR13697207__bin.1.fa	SRR14140866	SRR14140862	0.998228941793587	2269050	378	297	0.999869108217095	0.999833410458121	0.998196774606504	1044L	1044M	FALSE	8_1
SRR13697207__bin.1.fa	SRR14140867	SRR14140860	0.999888111514623	2272869	322	306	0.999865368395627	0.999858328834614	0.999876822856751	1044L	1044M	FALSE	8_1
SRR13697207__bin.1.fa	SRR14140867	SRR14140861	0.999885031710714	2272867	324	306	0.999865368277158	0.99985744876405	0.999875943020013	1044L	1044M	FALSE	8_1
SRR13697207__bin.1.fa	SRR14140867	SRR14140865	0.999864856255972	2272801	327	306	0.99986536436758	0.999856124667316	0.999846908407676	1044L	1044L	TRUE	8_1
SRR13697207__bin.1.fa	SRR14140870	SRR14140861	0.999893390914569	2272887	322	307	0.999864929492755	0.999858329956571	0.999884741387388	1044J	1044M	FALSE	8_1
SRR13697207__bin.1.fa	SRR14140870	SRR14140860	0.999882392630131	2272873	316	307	0.999864928660774	0.999860968914673	0.999878582530226	1044J	1044M	FALSE	8_1
SRR13697207__bin.1.fa	SRR14140870	SRR14140865	0.999855619869942	2272801	325	307	0.999864924381853	0.999857004638769	0.999846908407676	1044J	1044L	FALSE	8_1
SRR13697207__bin.1.fa	SRR14140864	SRR14140861	0.999887233635371	2272887	354	309	0.999864049554597	0.999844250946044	0.999884741387388	1044M	1044M	TRUE	8_1
SRR13697207__bin.1.fa	SRR14140864	SRR14140860	0.99988503202499	2272883	356	309	0.999864049315341	0.999843370732237	0.999882981713913	1044M	1044M	TRUE	8_1
SRR13697207__bin.1.fa	SRR14140860	SRR14140857	0.999892950097362	2272881	354	309	0.999864049195712	0.999844250534894	0.999882101877176	1044M	1044P	FALSE	8_1
SRR13697207__bin.1.fa	SRR14140860	SRR14140858	0.999893390037046	2272881	347	309	0.999864049195712	0.999847330326577	0.999882101877176	1044M	1044P	FALSE	8_1
SRR13697207__bin.1.fa	SRR14140861	SRR14140857	0.999881952840193	2272870	354	309	0.999864048537752	0.999844249781114	0.999877262775119	1044M	1044P	FALSE	8_1
SRR13697207__bin.1.fa	SRR14140861	SRR14140858	0.999881513009216	2272869	349	309	0.999864048477937	0.999846449575404	0.999876822856751	1044M	1044P	FALSE	8_1
SRR13697207__bin.1.fa	SRR14140860	SRR14140859	0.999881077451255	2272854	351	309	0.999864047580707	0.999845568611094	0.99987022408122	1044M	1044P	FALSE	8_1
SRR13697207__bin.1.fa	SRR14140861	SRR14140859	0.999878874119177	2272853	349	309	0.999864047520891	0.999846448494469	0.999869784162851	1044M	1044P	FALSE	8_1
SRR13697207__bin.1.fa	SRR14140865	SRR14140857	0.999859148439671	2272801	361	309	0.999864044410399	0.999841165152602	0.999846908407676	1044L	1044P	FALSE	8_1
SRR13697207__bin.1.fa	SRR14140865	SRR14140858	0.999859589622133	2272801	356	309	0.999864044410399	0.999843365081237	0.999846908407676	1044L	1044P	FALSE	8_1
SRR13697207__bin.1.fa	SRR14140865	SRR14140859	0.9998710036839	2272801	356	309	0.999864044410399	0.999843365081237	0.999846908407676	1044L	1044P	FALSE	8_1
SRR13697207__bin.1.fa	SRR14140865	SRR14140864	0.999849477495091	2272801	363	309	0.999864044410399	0.999840285181149	0.999846908407676	1044L	1044M	FALSE	8_1
SRR13697207__bin.1.fa	SRR14140862	SRR14140860	0.999892510083466	2272879	359	312	0.999862729164201	0.999842050544706	0.999881222040438	1044M	1044M	TRUE	8_1
SRR13697207__bin.1.fa	SRR14140862	SRR14140861	0.999882392587678	2272869	359	312	0.999862728560247	0.999842049849771	0.999876822856751	1044M	1044M	TRUE	8_1
SRR13697207__bin.1.fa	SRR14140865	SRR14140862	0.999860467191214	2272801	364	312	0.999862724453219	0.999839845195422	0.999846908407676	1044L	1044M	FALSE	8_1
SRR13697207__bin.1.fa	SRR14140819	SRR14140866	0.962616563397983	2165932	5683	5473	0.997473143201172	0.997376187248722	0.952833272258	1044H	1044L	FALSE	8_1
SRR13697207__bin.1.fa	SRR14140819	SRR14140861	0.961981127395143	2166488	5664	5493	0.997464560154499	0.997385630568921	0.953077866871023	1044H	1044M	FALSE	8_1
SRR13697207__bin.1.fa	SRR14140819	SRR14140860	0.961983913619696	2166488	5671	5494	0.997464098577975	0.997382399533254	0.953077866871023	1044H	1044M	FALSE	8_1
SRR13697207__bin.1.fa	SRR14140819	SRR14140865	0.962005080518597	2166478	5663	5496	0.997463163715487	0.997386080080204	0.953073467687336	1044H	1044L	FALSE	8_1
SRR13697207__bin.1.fa	SRR14140873	SRR14140866	0.963138924368275	2167324	5726	5537	0.997445236614369	0.997358032301585	0.953445638627296	1044I	1044L	FALSE	8_1
SRR13697207__bin.1.fa	SRR14140873	SRR14140861	0.962514895072748	2167892	5717	5557	0.99743668042504	0.997362876010429	0.953695512260745	1044I	1044M	FALSE	8_1
SRR13697207__bin.1.fa	SRR14140873	SRR14140860	0.962511101221789	2167885	5716	5558	0.997436210869119	0.997363328774358	0.953692432832164	1044I	1044M	FALSE	8_1
SRR13697207__bin.1.fa	SRR14140873	SRR14140865	0.962529438669792	2167872	5712	5560	0.997435272931243	0.997365158090515	0.95368671389337	1044I	1044L	FALSE	8_1
SRR13697207__bin.1.fa	SRR14140830	SRR14140866	0.963274561427681	2168143	5879	5640	0.997398695565745	0.997288462984222	0.9538059317713	1044H	1044L	FALSE	8_1
SRR13697207__bin.1.fa	SRR14140830	SRR14140861	0.962620735584205	2168683	5850	5662	0.997389198882455	0.997302510325391	0.954043487690424	1044H	1044M	FALSE	8_1
SRR13697207__bin.1.fa	SRR14140830	SRR14140860	0.962622579309453	2168682	5857	5663	0.997388736569031	0.997299281314642	0.954043047772055	1044H	1044M	FALSE	8_1
SRR13697207__bin.1.fa	SRR14140830	SRR14140865	0.962644669442155	2168673	5849	5665	0.997387803509335	0.997302958998429	0.954039088506737	1044H	1044L	FALSE	8_1
SRR13697207__bin.1.fa	SRR14140874	SRR14140866	0.96353112170902	2169366	5960	5716	0.997365128797999	0.997252653540251	0.954343951936279	1044G	1044L	FALSE	8_1
SRR13697207__bin.1.fa	SRR14140815	SRR14140866	0.963482754977718	2169446	5968	5733	0.997357389858978	0.997249067273396	0.954379145405779	1044H	1044L	FALSE	8_1
SRR13697207__bin.1.fa	SRR14140874	SRR14140861	0.962893526861327	2169928	5939	5737	0.997356133475396	0.997263042829071	0.954591186059515	1044G	1044M	FALSE	8_1
SRR13697207__bin.1.fa	SRR14140874	SRR14140860	0.962897246897104	2169929	5942	5738	0.997355673849237	0.997261661556668	0.954591625977883	1044G	1044M	FALSE	8_1
SRR13697207__bin.1.fa	SRR14140874	SRR14140865	0.962913669133105	2169914	5938	5740	0.997354733874246	0.99726348601834	0.954585027202352	1044G	1044L	FALSE	8_1
SRR13697207__bin.1.fa	SRR14140815	SRR14140861	0.962835865561827	2170000	5937	5755	0.997347926267281	0.997264055299539	0.954622860182065	1044H	1044M	FALSE	8_1
SRR13697207__bin.1.fa	SRR14140815	SRR14140860	0.962839585861273	2170001	5947	5756	0.997347466660154	0.997259448267535	0.954623300100433	1044H	1044M	FALSE	8_1
SRR13697207__bin.1.fa	SRR14140815	SRR14140865	0.962860698730891	2169991	5937	5758	0.997346532773638	0.997264043952256	0.954618900916746	1044H	1044L	FALSE	8_1
SRR13697207__bin.1.fa	SRR14140868	SRR14140866	0.963904143714429	2170567	6002	5792	0.997331572810238	0.997234823896245	0.954872293897144	1044J	1044L	FALSE	8_1
SRR13697207__bin.1.fa	SRR14140819	SRR14140859	0.961883280706977	2166488	5949	5798	0.997323779314725	0.997254081259624	0.953077866871023	1044H	1044P	FALSE	8_1
SRR13697207__bin.1.fa	SRR14140819	SRR14140857	0.961874127151531	2166488	5944	5800	0.997322856161677	0.997256389142243	0.953077866871023	1044H	1044P	FALSE	8_1
SRR13697207__bin.1.fa	SRR14140819	SRR14140870	0.961869289299812	2166488	5976	5800	0.997322856161677	0.99724161869348	0.953077866871023	1044H	1044J	FALSE	8_1
SRR13697207__bin.1.fa	SRR14140819	SRR14140862	0.961875384403075	2166488	5950	5801	0.997322394585153	0.9972536196831	0.953077866871023	1044H	1044M	FALSE	8_1
SRR13697207__bin.1.fa	SRR14140819	SRR14140867	0.961878726392412	2166488	5974	5801	0.997322394585153	0.997242541846528	0.953077866871023	1044H	1044L	FALSE	8_1
SRR13697207__bin.1.fa	SRR14140868	SRR14140861	0.963312913941588	2171180	5997	5814	0.99732219346162	0.997237907497306	0.955141963857187	1044J	1044M	FALSE	8_1
SRR13697207__bin.1.fa	SRR14140868	SRR14140860	0.963316631639065	2171181	5994	5815	0.997321734116133	0.99723929050595	0.955142403775555	1044J	1044M	FALSE	8_1
SRR13697207__bin.1.fa	SRR14140868	SRR14140865	0.963333047302621	2171166	5992	5817	0.997320794448697	0.997240192596973	0.955135805000024	1044J	1044L	FALSE	8_1
SRR13697207__bin.1.fa	SRR14140813	SRR14140866	0.963955908598982	2170952	6048	5828	0.997315463446451	0.997214125415947	0.955041662469112	1044I	1044L	FALSE	8_1
SRR13697207__bin.1.fa	SRR14140819	SRR14140864	0.961864738795026	2166488	5943	5817	0.997315009360772	0.997256850718767	0.953077866871023	1044H	1044M	FALSE	8_1
SRR13697207__bin.1.fa	SRR14140819	SRR14140858	0.961874716190899	2166488	5946	5818	0.997314547784248	0.997255465989195	0.953077866871023	1044H	1044P	FALSE	8_1
SRR13697207__bin.1.fa	SRR14140872	SRR14140866	0.964154312796754	2171180	6066	5845	0.997307915511381	0.997206127543548	0.955141963857187	1044I	1044L	FALSE	8_1
SRR13697207__bin.1.fa	SRR14140813	SRR14140861	0.963313471738974	2171513	6023	5850	0.997306025798602	0.997226357843586	0.95528845667398	1044I	1044M	FALSE	8_1
SRR13697207__bin.1.fa	SRR14140813	SRR14140860	0.963315313692103	2171512	6030	5851	0.997305564049381	0.997223133005942	0.955288016755611	1044I	1044M	FALSE	8_1
SRR13697207__bin.1.fa	SRR14140813	SRR14140865	0.963333624820879	2171499	6022	5853	0.997304626895983	0.997226800472853	0.955282297816817	1044I	1044L	FALSE	8_1
SRR13697207__bin.1.fa	SRR14140872	SRR14140861	0.963517683463419	2171744	6056	5867	0.997298484535931	0.997211457704039	0.95539007781716	1044I	1044M	FALSE	8_1
SRR13697207__bin.1.fa	SRR14140872	SRR14140860	0.963522336602256	2171746	6055	5868	0.997298026564801	0.997211920731062	0.955390957653898	1044I	1044M	FALSE	8_1
SRR13697207__bin.1.fa	SRR14140872	SRR14140865	0.963535026082205	2171727	6050	5870	0.997297081999717	0.997214198653882	0.955382599204892	1044I	1044L	FALSE	8_1
SRR13697207__bin.1.fa	SRR14140873	SRR14140859	0.962410532676799	2167885	5998	5862	0.997295982028567	0.997233248073583	0.953692432832164	1044I	1044P	FALSE	8_1
SRR13697207__bin.1.fa	SRR14140873	SRR14140870	0.962404068248308	2167893	6023	5864	0.997295069452228	0.99722172634904	0.953695952179114	1044I	1044J	FALSE	8_1
SRR13697207__bin.1.fa	SRR14140873	SRR14140857	0.962401385073569	2167885	5999	5864	0.997295059470406	0.997232786794502	0.953692432832164	1044I	1044P	FALSE	8_1
SRR13697207__bin.1.fa	SRR14140873	SRR14140862	0.962401701628781	2167884	6005	5865	0.997294596943379	0.997230017842283	0.953691992913795	1044I	1044M	FALSE	8_1
SRR13697207__bin.1.fa	SRR14140873	SRR14140867	0.962405041466058	2167884	6025	5865	0.997294596943379	0.997220792256412	0.953691992913795	1044I	1044L	FALSE	8_1
SRR13697207__bin.1.fa	SRR14140873	SRR14140864	0.962399520761588	2167893	5996	5869	0.997292763065336	0.997234180838261	0.953695952179114	1044I	1044M	FALSE	8_1
SRR13697207__bin.1.fa	SRR14140873	SRR14140858	0.962401033846897	2167884	5995	5871	0.997291829267618	0.997234630635218	0.953691992913795	1044I	1044P	FALSE	8_1
SRR13697207__bin.1.fa	SRR14140830	SRR14140859	0.962523049838146	2168683	6135	5968	0.997248099422553	0.997171094161756	0.954043487690424	1044H	1044P	FALSE	8_1
SRR13697207__bin.1.fa	SRR14140830	SRR14140870	0.962509072592174	2168683	6162	5969	0.997247638313207	0.997158644209412	0.954043487690424	1044H	1044J	FALSE	8_1
SRR13697207__bin.1.fa	SRR14140830	SRR14140857	0.962513905547333	2168683	6126	5970	0.997247177203861	0.997175244145871	0.954043487690424	1044H	1044P	FALSE	8_1
SRR13697207__bin.1.fa	SRR14140830	SRR14140862	0.962515161526369	2168683	6132	5970	0.997247177203861	0.997172477489795	0.954043487690424	1044H	1044M	FALSE	8_1
SRR13697207__bin.1.fa	SRR14140830	SRR14140867	0.962518500133162	2168683	6160	5970	0.997247177203861	0.997159566428104	0.954043487690424	1044H	1044L	FALSE	8_1
SRR13697207__bin.1.fa	SRR14140830	SRR14140864	0.962504526693113	2168683	6129	5987	0.997239338344977	0.997173860817833	0.954043487690424	1044H	1044M	FALSE	8_1
SRR13697207__bin.1.fa	SRR14140830	SRR14140858	0.962514493990514	2168683	6132	5988	0.997238877235631	0.997172477489795	0.954043487690424	1044H	1044P	FALSE	8_1
SRR13697207__bin.1.fa	SRR14140841	SRR14140866	0.964584563467506	2173211	6218	6010	0.997234506911662	0.997138796002781	0.956035438064113	1044H	1044L	FALSE	8_1
SRR13697207__bin.1.fa	SRR14140852	SRR14140866	0.964593568896433	2172953	6222	6013	0.99723279794823	0.997136615472125	0.955921939124976	1044G	1044L	FALSE	8_1
SRR13697207__bin.1.fa	SRR14140863	SRR14140866	0.964733774171914	2173620	6253	6016	0.997232266909579	0.997123232211702	0.956215364676931	1044G	1044L	FALSE	8_1
SRR13697207__bin.1.fa	SRR14140841	SRR14140861	0.96393691755096	2173772	6197	6032	0.997225099964486	0.997149195039774	0.95628223226898	1044H	1044M	FALSE	8_1
SRR13697207__bin.1.fa	SRR14140841	SRR14140860	0.963940630315245	2173773	6206	6033	0.997224641211387	0.997145056084513	0.956282672187349	1044H	1044M	FALSE	8_1
SRR13697207__bin.1.fa	SRR14140841	SRR14140865	0.963957991123889	2173759	6196	6035	0.997223703271614	0.99714963802335	0.956276513330186	1044H	1044L	FALSE	8_1
SRR13697207__bin.1.fa	SRR14140852	SRR14140861	0.963969297009538	2173536	6211	6036	0.997222958349896	0.997142444385554	0.956178411533956	1044G	1044M	FALSE	8_1
SRR13697207__bin.1.fa	SRR14140863	SRR14140861	0.964091868096351	2174187	6223	6038	0.997222869973926	0.997137780696877	0.95646479839201	1044G	1044M	FALSE	8_1
SRR13697207__bin.1.fa	SRR14140852	SRR14140860	0.963958960943657	2173522	6214	6037	0.997222480379771	0.997141045731306	0.956172252676793	1044G	1044M	FALSE	8_1
SRR13697207__bin.1.fa	SRR14140863	SRR14140860	0.964096515679764	2174189	6233	6039	0.997222412586946	0.997133183913634	0.956465678228748	1044G	1044M	FALSE	8_1
SRR13697207__bin.1.fa	SRR14140852	SRR14140865	0.96397070512238	2173502	6206	6039	0.997221534647771	0.997144700119899	0.956163454309418	1044G	1044L	FALSE	8_1
SRR13697207__bin.1.fa	SRR14140863	SRR14140865	0.964108259148721	2174169	6222	6041	0.997221467144458	0.997138216946337	0.956456879861373	1044G	1044L	FALSE	8_1
SRR13697207__bin.1.fa	SRR14140874	SRR14140859	0.962796768978307	2169929	6220	6043	0.997215116254956	0.997133546765816	0.954591625977883	1044G	1044P	FALSE	8_1
SRR13697207__bin.1.fa	SRR14140871	SRR14140866	0.96494569274058	2174073	6270	6055	0.997214904927295	0.997116012203822	0.956414647697973	1044J	1044L	FALSE	8_1
SRR13697207__bin.1.fa	SRR14140874	SRR14140870	0.962782799758242	2169929	6247	6044	0.997214655410384	0.997121103962388	0.954591625977883	1044G	1044J	FALSE	8_1
SRR13697207__bin.1.fa	SRR14140874	SRR14140857	0.962787629938259	2169929	6213	6045	0.997214194565813	0.997136772677816	0.954591625977883	1044G	1044P	FALSE	8_1
SRR13697207__bin.1.fa	SRR14140874	SRR14140862	0.962788885196096	2169929	6219	6045	0.997214194565813	0.997134007610387	0.954591625977883	1044G	1044M	FALSE	8_1
SRR13697207__bin.1.fa	SRR14140874	SRR14140867	0.96279222188582	2169929	6249	6045	0.997214194565813	0.997120182273245	0.954591625977883	1044G	1044L	FALSE	8_1
SRR13697207__bin.1.fa	SRR14140815	SRR14140859	0.962739115245854	2170001	6223	6062	0.997206452900252	0.997132259386056	0.954623300100433	1044H	1044P	FALSE	8_1
SRR13697207__bin.1.fa	SRR14140874	SRR14140864	0.962778256469492	2169929	6218	6062	0.997206360208099	0.997134468454959	0.954591625977883	1044G	1044M	FALSE	8_1
SRR13697207__bin.1.fa	SRR14140815	SRR14140870	0.962725146489284	2170001	6252	6063	0.997205992070971	0.997118895336915	0.954623300100433	1044H	1044J	FALSE	8_1
SRR13697207__bin.1.fa	SRR14140874	SRR14140858	0.962788218043548	2169929	6217	6063	0.997205899363528	0.99713492929953	0.954591625977883	1044G	1044P	FALSE	8_1
SRR13697207__bin.1.fa	SRR14140815	SRR14140857	0.962729976509036	2170001	6216	6064	0.997205531241691	0.997135485191021	0.954623300100433	1044H	1044P	FALSE	8_1
SRR13697207__bin.1.fa	SRR14140815	SRR14140862	0.962731231725224	2170001	6222	6064	0.997205531241691	0.997132720215336	0.954623300100433	1044H	1044M	FALSE	8_1
SRR13697207__bin.1.fa	SRR14140815	SRR14140867	0.962734568304238	2170001	6250	6064	0.997205531241691	0.997119816995476	0.954623300100433	1044H	1044L	FALSE	8_1
SRR13697207__bin.1.fa	SRR14140871	SRR14140861	0.964303621399116	2174639	6243	6078	0.997205053344486	0.997129178682071	0.956663641494684	1044J	1044M	FALSE	8_1
SRR13697207__bin.1.fa	SRR14140871	SRR14140860	0.964305460582936	2174638	6246	6079	0.997204592212589	0.997127797821982	0.956663201576315	1044J	1044M	FALSE	8_1
SRR13697207__bin.1.fa	SRR14140871	SRR14140865	0.964320010928471	2174621	6238	6081	0.997203650659126	0.997131454170635	0.956655722964047	1044J	1044L	FALSE	8_1
SRR13697207__bin.1.fa	SRR14140815	SRR14140864	0.962720603351279	2170001	6219	6079	0.99719861880248	0.997134102703178	0.954623300100433	1044H	1044M	FALSE	8_1
SRR13697207__bin.1.fa	SRR14140815	SRR14140858	0.962730564594812	2170001	6222	6080	0.997198157973199	0.997132720215336	0.954623300100433	1044H	1044P	FALSE	8_1
SRR13697207__bin.1.fa	SRR14140868	SRR14140859	0.963216211044017	2171181	6282	6120	0.997181257573643	0.997106643803534	0.955142403775555	1044J	1044P	FALSE	8_1
SRR13697207__bin.1.fa	SRR14140870	SRR14140868	0.963202249879228	2171181	6301	6121	0.997180796994815	0.997097892805805	0.955142403775555	1044J	1044J	TRUE	8_1
SRR13697207__bin.1.fa	SRR14140868	SRR14140857	0.963207077273947	2171181	6283	6122	0.997180336415987	0.997106183224706	0.955142403775555	1044J	1044P	FALSE	8_1
SRR13697207__bin.1.fa	SRR14140868	SRR14140862	0.963208331807946	2171181	6289	6122	0.997180336415987	0.997103419751739	0.955142403775555	1044J	1044M	FALSE	8_1
SRR13697207__bin.1.fa	SRR14140868	SRR14140867	0.963211666573586	2171181	6303	6122	0.997180336415987	0.997096971648149	0.955142403775555	1044J	1044L	FALSE	8_1
SRR13697207__bin.1.fa	SRR14140868	SRR14140864	0.963197709210342	2171181	6280	6139	0.997172506575914	0.997107564961189	0.955142403775555	1044J	1044M	FALSE	8_1
SRR13697207__bin.1.fa	SRR14140868	SRR14140858	0.963207665040109	2171181	6277	6140	0.997172045997086	0.997108946697673	0.955142403775555	1044J	1044P	FALSE	8_1
SRR13697207__bin.1.fa	SRR14140813	SRR14140859	0.96321585092073	2171513	6304	6156	0.997165110224991	0.997096954980237	0.95528845667398	1044I	1044P	FALSE	8_1
SRR13697207__bin.1.fa	SRR14140813	SRR14140870	0.963201891752846	2171513	6335	6157	0.99716464971658	0.997082679219512	0.95528845667398	1044I	1044J	FALSE	8_1
SRR13697207__bin.1.fa	SRR14140813	SRR14140857	0.963206718539466	2171513	6295	6158	0.99716418920817	0.997101099555932	0.95528845667398	1044I	1044P	FALSE	8_1
SRR13697207__bin.1.fa	SRR14140813	SRR14140862	0.963207034936661	2171512	6301	6158	0.997164187902254	0.997098335169228	0.955288016755611	1044I	1044M	FALSE	8_1
SRR13697207__bin.1.fa	SRR14140813	SRR14140867	0.963210369193989	2171512	6333	6158	0.997164187902254	0.997083598893306	0.955288016755611	1044I	1044L	FALSE	8_1
SRR13697207__bin.1.fa	SRR14140869	SRR14140866	0.965465711218071	2175744	6393	6178	0.997160511530768	0.997061694758207	0.95714975129215	1044J	1044L	FALSE	8_1
SRR13697207__bin.1.fa	SRR14140872	SRR14140859	0.963423816988502	2171748	6342	6172	0.997158049644802	0.997079771686218	0.955391837490635	1044I	1044P	FALSE	8_1
SRR13697207__bin.1.fa	SRR14140872	SRR14140862	0.963415939809543	2171748	6349	6174	0.997157128727642	0.997076548476158	0.955391837490635	1044I	1044M	FALSE	8_1
SRR13697207__bin.1.fa	SRR14140872	SRR14140870	0.963409859468695	2171748	6361	6174	0.997157128727642	0.997071022973199	0.955391837490635	1044I	1044J	FALSE	8_1
SRR13697207__bin.1.fa	SRR14140872	SRR14140857	0.963414685603077	2171748	6343	6175	0.997156668269063	0.997079311227638	0.955391837490635	1044I	1044P	FALSE	8_1
SRR13697207__bin.1.fa	SRR14140872	SRR14140867	0.963419273704542	2171748	6363	6175	0.997156668269063	0.99707010205604	0.955391837490635	1044I	1044L	FALSE	8_1
SRR13697207__bin.1.fa	SRR14140813	SRR14140864	0.96319735178582	2171513	6298	6175	0.997156360565191	0.9970997180307	0.95528845667398	1044I	1044M	FALSE	8_1
SRR13697207__bin.1.fa	SRR14140813	SRR14140858	0.963206368270458	2171512	6301	6176	0.997155898747048	0.997098335169228	0.955288016755611	1044I	1044P	FALSE	8_1
SRR13697207__bin.1.fa	SRR14140869	SRR14140861	0.964818055765289	2176307	6378	6201	0.997150677730669	0.997069347293374	0.957397425333755	1044J	1044M	FALSE	8_1
SRR13697207__bin.1.fa	SRR14140869	SRR14140860	0.964823632452777	2176310	6382	6203	0.997149762671678	0.99706751335977	0.957398745088861	1044J	1044M	FALSE	8_1
SRR13697207__bin.1.fa	SRR14140872	SRR14140864	0.963405319985286	2171748	6340	6191	0.997149300931784	0.997080692603378	0.955391837490635	1044I	1044M	FALSE	8_1
SRR13697207__bin.1.fa	SRR14140869	SRR14140865	0.964837239684416	2176292	6377	6204	0.997149279600348	0.997069786591138	0.957390826558224	1044J	1044L	FALSE	8_1
SRR13697207__bin.1.fa	SRR14140872	SRR14140858	0.963415273215785	2171748	6337	6192	0.997148840473204	0.997082073979117	0.955391837490635	1044I	1044P	FALSE	8_1
SRR13697207__bin.1.fa	SRR14140814	SRR14140866	0.965801715790737	2177205	6480	6248	0.997130265638743	0.997023707000489	0.95779247202889	1044I	1044L	FALSE	8_1
SRR13697207__bin.1.fa	SRR14140814	SRR14140861	0.965166901605965	2177788	6463	6271	0.997120472699822	0.997032309848342	0.95804894443787	1044I	1044M	FALSE	8_1
SRR13697207__bin.1.fa	SRR14140814	SRR14140860	0.965153790927546	2177771	6468	6272	0.997119991036707	0.997029990756604	0.958041465825601	1044I	1044M	FALSE	8_1
SRR13697207__bin.1.fa	SRR14140814	SRR14140865	0.965167390999257	2177753	6462	6274	0.997119048854484	0.997032721341677	0.958033547294964	1044I	1044L	FALSE	8_1
SRR13697207__bin.1.fa	SRR14140875	SRR14140866	0.965629695626856	2176367	6476	6275	0.997116754664999	0.997024398918013	0.95742382043588	1044G	1044L	FALSE	8_1
SRR13697207__bin.1.fa	SRR14140875	SRR14140861	0.964979871820017	2176930	6473	6297	0.99710739435811	0.997026546558686	0.957671494477485	1044G	1044M	FALSE	8_1
SRR13697207__bin.1.fa	SRR14140875	SRR14140860	0.964983578719227	2176931	6478	6298	0.997106936324578	0.99702425111315	0.957671934395854	1044G	1044M	FALSE	8_1
SRR13697207__bin.1.fa	SRR14140875	SRR14140865	0.964999051735209	2176915	6472	6298	0.997106915060992	0.997026985435812	0.957664895701954	1044G	1044L	FALSE	8_1
SRR13697207__bin.1.fa	SRR14140841	SRR14140859	0.963840329248331	2173773	6530	6338	0.997084332172679	0.996996006482738	0.956282672187349	1044H	1044P	FALSE	8_1
SRR13697207__bin.1.fa	SRR14140841	SRR14140870	0.963826384730791	2173773	6513	6339	0.997083872143044	0.997003826986534	0.956282672187349	1044H	1044J	FALSE	8_1
SRR13697207__bin.1.fa	SRR14140841	SRR14140857	0.96383120636934	2173773	6521	6340	0.997083412113408	0.997000146749454	0.956282672187349	1044H	1044P	FALSE	8_1
SRR13697207__bin.1.fa	SRR14140841	SRR14140862	0.963832459407437	2173773	6527	6340	0.997083412113408	0.996997386571643	0.956282672187349	1044H	1044M	FALSE	8_1
SRR13697207__bin.1.fa	SRR14140841	SRR14140867	0.963835790196713	2173773	6511	6340	0.997083412113408	0.997004747045805	0.956282672187349	1044H	1044L	FALSE	8_1
SRR13697207__bin.1.fa	SRR14140852	SRR14140859	0.963857711431937	2173521	6496	6342	0.997082153795615	0.997011301018026	0.956171812758425	1044G	1044P	FALSE	8_1
SRR13697207__bin.1.fa	SRR14140852	SRR14140870	0.963860624960601	2173539	6521	6343	0.997081717880378	0.996999823789681	0.956179731289062	1044G	1044J	FALSE	8_1
SRR13697207__bin.1.fa	SRR14140852	SRR14140857	0.963849524148278	2173522	6497	6344	0.997081234972547	0.997010842310315	0.956172252676793	1044G	1044P	FALSE	8_1
SRR13697207__bin.1.fa	SRR14140852	SRR14140862	0.963848904025273	2173520	6503	6344	0.997081232286797	0.997008079060694	0.956171372840056	1044G	1044M	FALSE	8_1
SRR13697207__bin.1.fa	SRR14140852	SRR14140867	0.963852235202256	2173520	6519	6344	0.997081232286797	0.997000717729766	0.956171372840056	1044G	1044L	FALSE	8_1
SRR13697207__bin.1.fa	SRR14140863	SRR14140859	0.963999041606461	2174192	6507	6346	0.99708121453855	0.99700716404071	0.956466997983854	1044G	1044P	FALSE	8_1
SRR13697207__bin.1.fa	SRR14140863	SRR14140870	0.963985099776242	2174192	6540	6347	0.99708075459757	0.996991985988358	0.956466997983854	1044G	1044J	FALSE	8_1
SRR13697207__bin.1.fa	SRR14140863	SRR14140857	0.963989920485588	2174192	6500	6348	0.99708029465659	0.997010383627573	0.956466997983854	1044G	1044P	FALSE	8_1
SRR13697207__bin.1.fa	SRR14140863	SRR14140862	0.963991173282205	2174192	6506	6348	0.99708029465659	0.997007623981691	0.956466997983854	1044G	1044M	FALSE	8_1
SRR13697207__bin.1.fa	SRR14140863	SRR14140867	0.963994503429587	2174192	6538	6348	0.99708029465659	0.996992905870319	0.956466997983854	1044G	1044L	FALSE	8_1
SRR13697207__bin.1.fa	SRR14140841	SRR14140864	0.963821849476184	2173773	6522	6357	0.997075591609611	0.996999686719819	0.956282672187349	1044H	1044M	FALSE	8_1
SRR13697207__bin.1.fa	SRR14140841	SRR14140858	0.963831793434651	2173773	6529	6358	0.997075131579976	0.996996466512373	0.956282672187349	1044H	1044P	FALSE	8_1
SRR13697207__bin.1.fa	SRR14140852	SRR14140864	0.963855152575022	2173538	6494	6361	0.997073435109025	0.99701224455243	0.956179291370693	1044G	1044M	FALSE	8_1
SRR13697207__bin.1.fa	SRR14140852	SRR14140858	0.963848237974967	2173520	6493	6362	0.997072950789503	0.997012679892525	0.956171372840056	1044G	1044P	FALSE	8_1
SRR13697207__bin.1.fa	SRR14140863	SRR14140864	0.963980565395648	2174192	6501	6365	0.997072475659923	0.997009923686593	0.956466997983854	1044G	1044M	FALSE	8_1
SRR13697207__bin.1.fa	SRR14140863	SRR14140858	0.963990507437763	2174192	6506	6366	0.997072015718943	0.997007623981691	0.956466997983854	1044G	1044P	FALSE	8_1
SRR13697207__bin.1.fa	SRR14140871	SRR14140859	0.964208003318956	2174641	6534	6385	0.997063883188076	0.996995366131697	0.956664521331422	1044J	1044P	FALSE	8_1
SRR13697207__bin.1.fa	SRR14140871	SRR14140870	0.964194064059103	2174641	6555	6386	0.99706342334206	0.996985709365362	0.956664521331422	1044J	1044J	TRUE	8_1
SRR13697207__bin.1.fa	SRR14140871	SRR14140857	0.964198883610037	2174641	6535	6387	0.997062963496044	0.996994906285681	0.956664521331422	1044J	1044P	FALSE	8_1
SRR13697207__bin.1.fa	SRR14140871	SRR14140862	0.964200136166104	2174641	6541	6387	0.997062963496044	0.996992147209585	0.956664521331422	1044J	1044M	FALSE	8_1
SRR13697207__bin.1.fa	SRR14140871	SRR14140867	0.964203465807115	2174641	6553	6387	0.997062963496044	0.996986629057394	0.956664521331422	1044J	1044L	FALSE	8_1
SRR13697207__bin.1.fa	SRR14140871	SRR14140864	0.964189530342971	2174641	6536	6404	0.997055146113772	0.996994446439665	0.956664521331422	1044J	1044M	FALSE	8_1
SRR13697207__bin.1.fa	SRR14140871	SRR14140858	0.964199470422908	2174641	6529	6405	0.997054686267756	0.996997665361777	0.956664521331422	1044J	1044P	FALSE	8_1
SRR13697207__bin.1.fa	SRR14140869	SRR14140859	0.964724387788004	2176311	6666	6507	0.997010078063292	0.996937018652206	0.95739918500723	1044J	1044P	FALSE	8_1
SRR13697207__bin.1.fa	SRR14140869	SRR14140862	0.964716527124868	2176311	6673	6509	0.997009159076989	0.996933802200145	0.95739918500723	1044J	1044M	FALSE	8_1
SRR13697207__bin.1.fa	SRR14140870	SRR14140869	0.964710459532471	2176311	6689	6509	0.997009159076989	0.996926450309721	0.95739918500723	1044J	1044J	TRUE	8_1
SRR13697207__bin.1.fa	SRR14140869	SRR14140857	0.964715275548056	2176311	6667	6510	0.997008699583837	0.996936559159054	0.95739918500723	1044J	1044P	FALSE	8_1
SRR13697207__bin.1.fa	SRR14140869	SRR14140867	0.964719854029799	2176311	6691	6510	0.997008699583837	0.996925531323418	0.95739918500723	1044J	1044L	FALSE	8_1
SRR13697207__bin.1.fa	SRR14140869	SRR14140864	0.964705929566849	2176311	6664	6526	0.997001347693413	0.996937937638508	0.95739918500723	1044J	1044M	FALSE	8_1
SRR13697207__bin.1.fa	SRR14140869	SRR14140858	0.964715861928735	2176311	6661	6527	0.997000888200262	0.996939316117963	0.95739918500723	1044J	1044P	FALSE	8_1
SRR13697207__bin.1.fa	SRR14140814	SRR14140859	0.965054608235813	2177772	6746	6577	0.99697994096719	0.99690233872049	0.95804190574397	1044I	1044P	FALSE	8_1
SRR13697207__bin.1.fa	SRR14140814	SRR14140870	0.965056571914309	2177789	6773	6578	0.996979505360712	0.996889965005793	0.958049384356239	1044I	1044J	FALSE	8_1
SRR13697207__bin.1.fa	SRR14140814	SRR14140857	0.965045502230936	2177772	6737	6579	0.996979022597407	0.996906471384516	0.95804190574397	1044I	1044P	FALSE	8_1
SRR13697207__bin.1.fa	SRR14140814	SRR14140862	0.965045818563146	2177771	6743	6579	0.996979021210219	0.996903714853398	0.958041465825601	1044I	1044M	FALSE	8_1
SRR13697207__bin.1.fa	SRR14140814	SRR14140867	0.965049143237685	2177771	6773	6579	0.996979021210219	0.996889939300321	0.958041465825601	1044I	1044L	FALSE	8_1
SRR13697207__bin.1.fa	SRR14140814	SRR14140864	0.965052045160233	2177789	6738	6596	0.996971240097181	0.996906036351547	0.958049384356239	1044I	1044M	FALSE	8_1
SRR13697207__bin.1.fa	SRR14140814	SRR14140858	0.965045153812967	2177771	6743	6597	0.996970755878373	0.996903714853398	0.958041465825601	1044I	1044P	FALSE	8_1
SRR13697207__bin.1.fa	SRR14140875	SRR14140857	0.964874318271774	2176931	6757	6603	0.996966830827436	0.996896089035436	0.957671934395854	1044G	1044P	FALSE	8_1
SRR13697207__bin.1.fa	SRR14140875	SRR14140859	0.964883427916514	2176931	6756	6603	0.996966830827436	0.996896548397721	0.957671934395854	1044G	1044P	FALSE	8_1
SRR13697207__bin.1.fa	SRR14140875	SRR14140867	0.964878895449544	2176931	6785	6603	0.996966830827436	0.996883226891436	0.957671934395854	1044G	1044L	FALSE	8_1
SRR13697207__bin.1.fa	SRR14140875	SRR14140870	0.964869503627813	2176931	6787	6604	0.99696637146515	0.996882308166864	0.957671934395854	1044G	1044J	FALSE	8_1
SRR13697207__bin.1.fa	SRR14140875	SRR14140862	0.964875569492131	2176931	6763	6605	0.996965912102864	0.996893332861721	0.957671934395854	1044G	1044M	FALSE	8_1
SRR13697207__bin.1.fa	SRR14140875	SRR14140858	0.96487490448545	2176931	6753	6618	0.99695994039315	0.996897926484579	0.957671934395854	1044G	1044P	FALSE	8_1
SRR13697207__bin.1.fa	SRR14140875	SRR14140864	0.964864974952346	2176931	6754	6618	0.99695994039315	0.996897467122293	0.957671934395854	1044G	1044M	FALSE	8_1
