TaxaName,Taxa,frequency,median
Enterobacterales,Order,1,0.004173058749
Veillonellales,Order,1,0.0009041465
Clostridiaceae,Family,1,0.00095929452
Planococcaceae,Family,1,0.000100975612
Clostridium,Genus,1,0.000638808
Escherichia,Genus,1,0.000647988
Betaproteobacteria,Class,0.99746835443038,0.0005278659291
Cytophagia,Class,0.99746835443038,0.0001706227205
Epsilonproteobacteria,Class,0.99746835443038,0.000301946925
Flavobacteriia,Class,0.99746835443038,0.0004257350945
Tissierellia,Class,0.99746835443038,0.000108644453
Burkholderiales,Order,0.99746835443038,0.00037078753575
Cytophagales,Order,0.99746835443038,0.0001706227205
Eggerthellales,Order,0.99746835443038,5.24408555e-05
Pseudomonadales,Order,0.99746835443038,0.00044810590945
Rhodobacterales,Order,0.99746835443038,0.000117416543
Streptomycetales,Order,0.99746835443038,0.000222974865
Tissierellales,Order,0.99746835443038,0.000108644453
Moraxellaceae,Family,0.99746835443038,8.7003695e-05
Paenibacillaceae,Family,0.99746835443038,0.000574965796
Peptoniphilaceae,Family,0.99746835443038,7.56469513e-05
Pseudomonadaceae,Family,0.99746835443038,0.0003265180275
Rhodobacteraceae,Family,0.99746835443038,0.000110529291
Streptomycetaceae,Family,0.99746835443038,0.000222974865
Acinetobacter,Genus,0.99746835443038,7.27611e-05
Citrobacter,Genus,0.99746835443038,0.000210164
Enterocloster,Genus,0.99746835443038,0.001812538
Jeotgalibaca,Genus,0.99746835443038,6.88459e-05
Mediterraneibacter,Genus,0.99746835443038,0.0006182765
Paenibacillus,Genus,0.99746835443038,0.000438945
Pseudomonas,Genus,0.99746835443038,0.0003167535
Schaalia,Genus,0.99746835443038,0.00091534
Solibacillus,Genus,0.99746835443038,4.232045e-05
Streptomyces,Genus,0.99746835443038,0.0002157965
Micromonosporales,Order,0.994936708860759,4.7210835e-05
Neisseriales,Order,0.994936708860759,7.6606697e-05
Vibrionales,Order,0.994936708860759,0.0001288628576
Comamonadaceae,Family,0.994936708860759,7.08416498e-05
Listeriaceae,Family,0.994936708860759,0.0001553171
Micromonosporaceae,Family,0.994936708860759,4.7210835e-05
Vibrionaceae,Family,0.994936708860759,0.0001288628576
Limosilactobacillus,Genus,0.994936708860759,2.90089e-05
Listeria,Genus,0.994936708860759,0.000148584
Lysinibacillus,Genus,0.994936708860759,2.47048e-05
Ruthenibacterium,Genus,0.994936708860759,0.000266449
Salmonella,Genus,0.994936708860759,9.05899e-05
Vibrio,Genus,0.994936708860759,0.00011762
Alteromonadales,Order,0.992405063291139,0.0001631810998
Oceanospirillales,Order,0.992405063291139,8.2058933e-05
Sphingomonadales,Order,0.992405063291139,8.198405185e-05
Bradyrhizobiaceae,Family,0.992405063291139,5.33995166e-05
Morganellaceae,Family,0.992405063291139,0.000118034617
Mycobacteriaceae,Family,0.992405063291139,8.25115905e-05
Sphingomonadaceae,Family,0.992405063291139,6.3236284e-05
Weeksellaceae,Family,0.992405063291139,0.0001207217065
Anaerobutyricum,Genus,0.992405063291139,0.000460832
Brevibacillus,Genus,0.992405063291139,8.9798e-05
Burkholderia,Genus,0.992405063291139,4.90181e-05
Chryseobacterium,Genus,0.992405063291139,9.058745e-05
Lactiplantibacillus,Genus,0.992405063291139,8.92118e-05
Liquorilactobacillus,Genus,0.992405063291139,1.812945e-05
Mycobacterium,Genus,0.992405063291139,3.4731e-05
Tetragenococcus,Genus,0.992405063291139,5.61191e-05
Alcaligenaceae,Family,0.989873417721519,7.6164538e-05
Erwiniaceae,Family,0.989873417721519,0.00017682125
Hymenobacteraceae,Family,0.989873417721519,5.490926e-05
Odoribacteraceae,Family,0.989873417721519,5.56459e-05
Rhizobiaceae,Family,0.989873417721519,0.000100693472
Yersiniaceae,Family,0.989873417721519,0.00022910948
Aerococcus,Genus,0.989873417721519,2.23945e-05
Arcobacter,Genus,0.989873417721519,3.25624e-05
Enterobacter,Genus,0.989873417721519,0.000194521
Lentibacillus,Genus,0.989873417721519,2.52993e-05
Sporosarcina,Genus,0.989873417721519,1.68934e-05
Vagococcus,Genus,0.989873417721519,3.82058e-05
Thermoanaerobacterales,Order,0.987341772151899,7.77614025e-05
Alteromonadaceae,Family,0.987341772151899,5.2699384e-05
Oxalobacteraceae,Family,0.987341772151899,5.14015675e-05
Phyllobacteriaceae,Family,0.987341772151899,4.22360735e-05
Alkalihalobacillus,Genus,0.987341772151899,1.88831e-05
Anoxybacillus,Genus,0.987341772151899,8.17025e-06
Arthrobacter,Genus,0.987341772151899,3.99896e-05
Microbacterium,Genus,0.987341772151899,4.380155e-05
Sphingomonas,Genus,0.987341772151899,2.267175e-05
Xanthomonas,Genus,0.987341772151899,2.3405e-05
Chromatiales,Order,0.984810126582279,3.46444619e-05
Pseudonocardiales,Order,0.984810126582279,4.9211846e-05
Acetobacteraceae,Family,0.984810126582279,3.41308296e-05
Halomonadaceae,Family,0.984810126582279,4.4350146e-05
Helicobacteraceae,Family,0.984810126582279,3.6821249e-05
Nocardioidaceae,Family,0.984810126582279,4.0615414e-05
Pectobacteriaceae,Family,0.984810126582279,0.00011498112
Pseudonocardiaceae,Family,0.984810126582279,4.9211846e-05
Mycolicibacterium,Genus,0.984810126582279,3.52521e-05
Peribacillus,Genus,0.984810126582279,1.10412e-05
Rhizobium,Genus,0.984810126582279,5.78182e-05
Sphingobacteriia,Class,0.982278481012658,0.0001111996875
Myxococcales,Order,0.982278481012658,3.51894856e-05
Sphingobacteriales,Order,0.982278481012658,0.000107746754
Thiotrichales,Order,0.982278481012658,3.81699724e-05
Hungateiclostridiaceae,Family,0.982278481012658,5.7572073e-05
Pseudoalteromonadaceae,Family,0.982278481012658,3.01541e-05
Sphingobacteriaceae,Family,0.982278481012658,0.000107746754
Actinoplanes,Genus,0.982278481012658,9.085945e-06
Cupriavidus,Genus,0.982278481012658,2.24952e-05
Desulfotomaculum,Genus,0.982278481012658,1.950445e-05
Helicobacter,Genus,0.982278481012658,2.304685e-05
Longibaculum,Genus,0.982278481012658,0.00010049745
Pseudoalteromonas,Genus,0.982278481012658,3.01541e-05
Ralstonia,Genus,0.982278481012658,1.210965e-05
Chlamydiae,Phylum,0.979746835443038,9.53365e-06
Chlamydiia,Class,0.979746835443038,9.53365e-06
Halobacteria,Class,0.979746835443038,2.68346415e-05
Aeromonadaceae,Family,0.979746835443038,5.516652e-05
Methylobacteriaceae,Family,0.979746835443038,1.943027e-05
Oscillospiraceae,Family,0.979746835443038,0.0001945615
Shewanellaceae,Family,0.979746835443038,4.41354e-05
Aeromonas,Genus,0.979746835443038,4.5989e-05
Oenococcus,Genus,0.979746835443038,7.91446e-06
Pasteurella,Genus,0.979746835443038,6.51668e-06
Variovorax,Genus,0.979746835443038,1.50604e-05
Entomoplasmatales,Order,0.977215189873418,2.480066e-05
Clostridiales Family XIII. Incertae Sedis,Family,0.977215189873418,0.00028562702
Sporomusaceae,Family,0.977215189873418,2.212908275e-05
Cytobacillus,Genus,0.977215189873418,3.05174e-05
Erysipelothrix,Genus,0.977215189873418,4.21735e-05
Shewanella,Genus,0.977215189873418,4.15384e-05
Cyclobacteriaceae,Family,0.974683544303797,3.340693e-05
Rhodospirillaceae,Family,0.974683544303797,4.1366161e-05
Thermoactinomycetaceae,Family,0.974683544303797,1.170922e-05
Halomonas,Genus,0.974683544303797,3.05389e-05
Hymenobacter,Genus,0.974683544303797,2.93663e-05
Macrococcus,Genus,0.974683544303797,4.23827e-06
Mesorhizobium,Genus,0.974683544303797,2.69959e-05
Pantoea,Genus,0.974683544303797,7.0905e-05
Ruminococcus,Genus,0.974683544303797,8.09052e-05
Cellvibrionales,Order,0.972151898734177,3.27069053e-05
Nitrosomonadales,Order,0.972151898734177,3.93029153e-05
Brevibacteriaceae,Family,0.972151898734177,2.139635e-05
Cytophagaceae,Family,0.972151898734177,5.70608991e-05
Selenomonadaceae,Family,0.972151898734177,5.1499005e-05
Spiroplasmataceae,Family,0.972151898734177,1.904395e-05
Thermoanaerobacteraceae,Family,0.972151898734177,2.76015945e-05
Amedibacterium,Genus,0.972151898734177,0.0001969835
Brevibacterium,Genus,0.972151898734177,2.139635e-05
Mannheimia,Genus,0.972151898734177,1.32288e-05
Spiroplasma,Genus,0.972151898734177,1.904395e-05
Treponema,Genus,0.972151898734177,3.136195e-05
Nocardia,Genus,0.969620253164557,2.59825e-05
Planococcus,Genus,0.969620253164557,2.03369e-05
Yersinia,Genus,0.969620253164557,5.36736e-05
Planctomycetes,Phylum,0.967088607594937,3.50706097e-05
Intrasporangiaceae,Family,0.967088607594937,1.75094695e-05
Lacrimispora,Genus,0.967088607594937,0.0001986335
Nocardioides,Genus,0.967088607594937,2.51715e-05
Deferribacteres,Phylum,0.964556962025316,9.9515747e-06
Chitinophagia,Class,0.964556962025316,6.5723455e-05
Deferribacteres,Class,0.964556962025316,9.9515747e-06
Acholeplasmatales,Order,0.964556962025316,1.511187e-05
Chitinophagales,Order,0.964556962025316,6.2498299e-05
Deferribacterales,Order,0.964556962025316,9.9515747e-06
Acholeplasmataceae,Family,0.964556962025316,1.511187e-05
Chitinophagaceae,Family,0.964556962025316,6.2498299e-05
Deferribacteraceae,Family,0.964556962025316,9.9515747e-06
Polaribacter,Genus,0.964556962025316,1.82366e-05
Acidaminococcales,Order,0.962025316455696,5.7218188e-05
Caulobacterales,Order,0.962025316455696,2.2876336e-05
Desulfuromonadales,Order,0.962025316455696,4.2153292e-05
Caulobacteraceae,Family,0.962025316455696,2.2876336e-05
Cellulomonadaceae,Family,0.962025316455696,1.3670852e-05
Chromobacteriaceae,Family,0.962025316455696,2.4855279e-05
Thermoanaerobacterales Family III. Incertae Sedis,Family,0.962025316455696,3.454955e-05
Marinobacter,Genus,0.962025316455696,2.001615e-05
Mycoplasmopsis,Genus,0.962025316455696,1.782695e-05
Bordetella,Genus,0.959493670886076,2.188e-05
Kocuria,Genus,0.959493670886076,1.42245e-05
Lancefieldella,Genus,0.959493670886076,7.15236e-05
Massilia,Genus,0.959493670886076,1.76566e-05
Paraburkholderia,Genus,0.959493670886076,3.20529e-05
Raoultella,Genus,0.959493670886076,3.69074e-05
Sphingobacterium,Genus,0.959493670886076,2.92974e-05
Planctomycetia,Class,0.956962025316456,2.71071215e-05
Methylococcales,Order,0.956962025316456,2.12270015e-05
Methylococcaceae,Family,0.956962025316456,2.12270015e-05
Leclercia,Genus,0.956962025316456,3.98658e-05
Marinilactibacillus,Genus,0.956962025316456,7.660205e-06
Oceanobacillus,Genus,0.956962025316456,7.36648e-06
Providencia,Genus,0.956962025316456,3.778545e-05
Thermotogae,Phylum,0.954430379746835,2.2880258e-05
Thermotogae,Class,0.954430379746835,2.2880258e-05
Deinococcales,Order,0.954430379746835,1.98977e-05
Halobacteriales,Order,0.954430379746835,1.3545962e-05
Parachlamydiales,Order,0.954430379746835,3.7779116e-06
Streptosporangiales,Order,0.954430379746835,2.4816448e-05
Deinococcaceae,Family,0.954430379746835,1.98977e-05
Hyphomicrobiaceae,Family,0.954430379746835,1.4707309e-05
Capnocytophaga,Genus,0.954430379746835,2.00395e-05
Cellulomonas,Genus,0.954430379746835,9.1353e-06
Deinococcus,Genus,0.954430379746835,1.98977e-05
Metabacillus,Genus,0.954430379746835,6.4234e-06
Pedobacter,Genus,0.954430379746835,3.55204e-05
Pseudonocardia,Genus,0.954430379746835,1.09564e-05
Alicyclobacillaceae,Family,0.951898734177215,1.136658e-05
Chromatiaceae,Family,0.951898734177215,1.3181775e-05
Dermabacteraceae,Family,0.951898734177215,1.63597145e-05
Geobacteraceae,Family,0.951898734177215,3.0299925e-05
Butyrivibrio,Genus,0.951898734177215,8.43063e-05
Micromonospora,Genus,0.951898734177215,2.645215e-05
Pectobacterium,Genus,0.951898734177215,3.229685e-05
Polynucleobacter,Genus,0.951898734177215,9.853165e-06
Selenomonas,Genus,0.951898734177215,3.01038e-05
Sphingobium,Genus,0.951898734177215,1.518455e-05
Spirosoma,Genus,0.951898734177215,2.87402e-05
Methanomicrobia,Class,0.949367088607595,4.6694947e-05
Hafniaceae,Family,0.949367088607595,2.209992e-05
Oceanospirillaceae,Family,0.949367088607595,9.294996e-06
Acidovorax,Genus,0.949367088607595,9.92382e-06
Geobacter,Genus,0.949367088607595,2.87531e-05
Desulfobacterales,Order,0.946835443037975,5.0022782e-05
Piscirickettsiaceae,Family,0.946835443037975,1.5830603e-05
Agrobacterium,Genus,0.946835443037975,1.453755e-05
Dickeya,Genus,0.946835443037975,4.51937e-05
Fictibacillus,Genus,0.946835443037975,5.552615e-06
Gracilibacillus,Genus,0.946835443037975,8.662925e-06
Trueperella,Genus,0.946835443037975,1.24876e-05
Rathayibacter,Genus,0.944303797468354,7.51301e-06
Sporomusa,Genus,0.944303797468354,1.3898e-05
Halanaerobiales,Order,0.941772151898734,2.20806055e-05
Gordoniaceae,Family,0.941772151898734,1.221095e-05
Microbulbiferaceae,Family,0.941772151898734,1.30566e-05
Erwinia,Genus,0.941772151898734,3.597495e-05
Gordonia,Genus,0.941772151898734,1.221095e-05
Microbulbifer,Genus,0.941772151898734,1.30566e-05
Paracoccus,Genus,0.941772151898734,1.304145e-05
Pseudarthrobacter,Genus,0.941772151898734,1.09829e-05
Tessaracoccus,Genus,0.941772151898734,8.22415e-06
Rhodocyclales,Order,0.939240506329114,2.5702604e-05
Promicromonosporaceae,Family,0.939240506329114,1.067313e-05
Azospirillum,Genus,0.939240506329114,1.54269e-05
Buchnera,Genus,0.939240506329114,1.86264e-05
Pauljensenia,Genus,0.939240506329114,2.40871e-05
Pradoshia,Genus,0.939240506329114,1.31214e-05
Sodalis,Genus,0.939240506329114,1.61458e-05
Winogradskyella,Genus,0.939240506329114,1.5395e-05
Anaplasmataceae,Family,0.936708860759494,1.2130096e-05
Ectothiorhodospiraceae,Family,0.936708860759494,1.419229735e-05
Erythrobacteraceae,Family,0.936708860759494,1.65207245e-05
Francisellaceae,Family,0.936708860759494,2.0036915e-05
Parachlamydiaceae,Family,0.936708860759494,3.239197e-06
Caproiciproducens,Genus,0.936708860759494,3.3566e-05
Francisella,Genus,0.936708860759494,1.70403e-05
Glutamicibacter,Genus,0.936708860759494,8.48981e-06
Lysobacter,Genus,0.936708860759494,9.73594e-06
Shigella,Genus,0.936708860759494,3.525465e-05
Methanosarcinales,Order,0.934177215189873,3.32836503e-05
Blattabacteriaceae,Family,0.934177215189873,1.70444e-05
Cellvibrionaceae,Family,0.934177215189873,1.0416218e-05
Methylophilaceae,Family,0.934177215189873,1.5502746e-05
Actinobacillus,Genus,0.934177215189873,7.79826e-06
Algoriphagus,Genus,0.934177215189873,2.18754e-06
Blattabacterium,Genus,0.934177215189873,1.70444e-05
Cedecea,Genus,0.934177215189873,3.31043e-05
Comamonas,Genus,0.934177215189873,9.42343e-06
Kosakonia,Genus,0.934177215189873,3.47496e-05
Mucilaginibacter,Genus,0.934177215189873,2.69811e-05
Crenarchaeota,Phylum,0.931645569620253,2.26268285e-05
Thermoprotei,Class,0.931645569620253,2.26268285e-05
Leptospirales,Order,0.931645569620253,1.047029355e-05
Bartonellaceae,Family,0.931645569620253,1.528275e-05
Leptospiraceae,Family,0.931645569620253,1.047029355e-05
Bartonella,Genus,0.931645569620253,1.528275e-05
Brachybacterium,Genus,0.931645569620253,8.793625e-06
Cohnella,Genus,0.931645569620253,1.309005e-05
Cronobacter,Genus,0.931645569620253,3.050165e-05
Desulfosporosinus,Genus,0.931645569620253,2.02853e-05
Intestinibaculum,Genus,0.931645569620253,2.463265e-05
Kurthia,Genus,0.931645569620253,5.831575e-06
Lelliottia,Genus,0.931645569620253,1.903675e-05
Peptacetobacter,Genus,0.931645569620253,1.301665e-05
Photobacterium,Genus,0.931645569620253,5.46945e-06
Methanosarcinaceae,Family,0.929113924050633,2.93069937e-05
Amycolatopsis,Genus,0.929113924050633,1.2716e-05
Chitinophaga,Genus,0.929113924050633,2.12857e-05
Curtobacterium,Genus,0.929113924050633,6.02531e-06
Leptospira,Genus,0.929113924050633,9.88523e-06
Mycobacteroides,Genus,0.929113924050633,5.82444e-06
Psychrobacillus,Genus,0.929113924050633,4.2284e-06
Xenorhabdus,Genus,0.929113924050633,1.19525e-05
Oligoflexia,Class,0.926582278481013,1.21233325e-05
Alcanivoracaceae,Family,0.926582278481013,5.8942178e-06
Dermacoccaceae,Family,0.926582278481013,4.3582005e-06
Hyphomonadaceae,Family,0.926582278481013,8.7954961e-06
Tissierellaceae,Family,0.926582278481013,2.5097335e-05
Zoogloeaceae,Family,0.926582278481013,1.9344801e-05
Aeromicrobium,Genus,0.926582278481013,7.027855e-06
Brochothrix,Genus,0.926582278481013,3.365165e-06
Aquificae,Phylum,0.924050632911392,1.7457316e-05
Aquificae,Class,0.924050632911392,1.7457316e-05
Bogoriellaceae,Family,0.924050632911392,6.3635e-06
Brucellaceae,Family,0.924050632911392,8.89802e-06
Acholeplasma,Genus,0.924050632911392,1.52877e-05
Aminipila,Genus,0.924050632911392,4.06379e-05
Caulobacter,Genus,0.924050632911392,9.96424e-06
Georgenia,Genus,0.924050632911392,6.3635e-06
Hungateiclostridium,Genus,0.924050632911392,2.52469e-05
Janthinobacterium,Genus,0.924050632911392,1.50983e-05
Melissococcus,Genus,0.924050632911392,2.56185e-06
Tenacibaculum,Genus,0.924050632911392,1.23473e-05
Acidobacteria,Phylum,0.921518987341772,2.0120117e-05
Acidobacteriia,Class,0.921518987341772,2.0120117e-05
Polyangiaceae,Family,0.921518987341772,1.0300433e-05
Agromyces,Genus,0.921518987341772,6.0619e-06
Geovibrio,Genus,0.921518987341772,2.679725e-06
Hydrogenophaga,Genus,0.921518987341772,6.024275e-06
Methanosarcina,Genus,0.921518987341772,2.251175e-05
Aquificales,Order,0.918987341772152,1.4376573e-05
Candidatus Nanopelagicales,Order,0.918987341772152,4.713858e-06
Candidatus Nanopelagicaceae,Family,0.918987341772152,4.713858e-06
Edwardsiella,Genus,0.918987341772152,9.86016e-06
Labrys,Genus,0.918987341772152,1.80246e-06
Chlorobi,Phylum,0.916455696202532,2.16008865e-05
Chlorobia,Class,0.916455696202532,2.16008865e-05
Brachyspirales,Order,0.916455696202532,1.518835e-05
Chlorobiales,Order,0.916455696202532,2.16008865e-05
Frankiales,Order,0.916455696202532,7.2353695e-06
Marinilabiliales,Order,0.916455696202532,1.506043e-05
Natrialbales,Order,0.916455696202532,9.3400871e-06
Brachyspiraceae,Family,0.916455696202532,1.518835e-05
Chlorobiaceae,Family,0.916455696202532,2.16008865e-05
Desulfobacteraceae,Family,0.916455696202532,3.1960464e-05
Dietziaceae,Family,0.916455696202532,4.057865e-06
Frankiaceae,Family,0.916455696202532,7.2353695e-06
Halanaerobiaceae,Family,0.916455696202532,1.5856855e-05
Natrialbaceae,Family,0.916455696202532,9.3400871e-06
Brachyspira,Genus,0.916455696202532,1.518835e-05
Brevundimonas,Genus,0.916455696202532,9.713625e-06
Dietzia,Genus,0.916455696202532,4.057865e-06
Myroides,Genus,0.916455696202532,9.969185e-06
Nonlabens,Genus,0.916455696202532,8.317815e-06
Pandoraea,Genus,0.916455696202532,1.37461e-05
Pluralibacter,Genus,0.916455696202532,1.553885e-05
Planctomycetales,Order,0.913924050632911,1.3323272e-05
Colwelliaceae,Family,0.913924050632911,1.7607171e-05
Nocardiopsaceae,Family,0.913924050632911,6.38319e-06
Planctomycetaceae,Family,0.913924050632911,1.3323272e-05
Streptosporangiaceae,Family,0.913924050632911,9.02381e-06
Chromobacterium,Genus,0.913924050632911,9.76232e-06
Elizabethkingia,Genus,0.913924050632911,2.10658e-05
Parachlamydia,Genus,0.913924050632911,2.44006e-06
Pontibacter,Genus,0.913924050632911,1.52251e-05
Sphingopyxis,Genus,0.913924050632911,9.6329e-06
Methanococci,Class,0.911392405063291,6.9823659e-06
Acidobacteriales,Order,0.911392405063291,1.9106639e-05
Methanococcales,Order,0.911392405063291,6.9823659e-06
Acidobacteriaceae,Family,0.911392405063291,1.9106639e-05
Rhodanobacteraceae,Family,0.911392405063291,8.881301e-06
Bosea,Genus,0.911392405063291,7.65146e-06
Frankia,Genus,0.911392405063291,7.02728e-06
Halobacillus,Genus,0.911392405063291,6.586195e-06
Komagataeibacter,Genus,0.911392405063291,1.238405e-05
Paenisporosarcina,Genus,0.911392405063291,5.5622e-06
Yokenella,Genus,0.911392405063291,5.960165e-06
Myxococcaceae,Family,0.908860759493671,1.00041e-05
Thermomonosporaceae,Family,0.908860759493671,9.620515e-06
Acetobacter,Genus,0.908860759493671,1.16679e-05
Desulfitobacterium,Genus,0.908860759493671,2.35033e-05
Leifsonia,Genus,0.908860759493671,5.9233e-06
Leucobacter,Genus,0.908860759493671,5.01799e-06
Neobacillus,Genus,0.908860759493671,4.93404e-06
Novosphingobium,Genus,0.908860759493671,8.42918e-06
Parageobacillus,Genus,0.908860759493671,3.22812e-06
Thermococci,Class,0.906329113924051,1.3224294e-05
Haloferacales,Order,0.906329113924051,8.0828884e-06
Thermococcales,Order,0.906329113924051,1.3224294e-05
Borreliaceae,Family,0.906329113924051,1.22353725e-05
Thermococcaceae,Family,0.906329113924051,1.3224294e-05
Brenneria,Genus,0.906329113924051,9.174465e-06
Caldicellulosiruptor,Genus,0.906329113924051,2.086765e-05
Flaviflexus,Genus,0.906329113924051,8.514775e-06
Psychrobacter,Genus,0.906329113924051,1.103105e-05
Sinorhizobium,Genus,0.906329113924051,9.56234e-06
Sorangium,Genus,0.906329113924051,5.654465e-06
Suicoccus,Genus,0.906329113924051,2.55886e-06
Chloroflexia,Class,0.90379746835443,5.19373e-06
Chloroflexales,Order,0.90379746835443,5.19373e-06
Thermotogales,Order,0.90379746835443,1.6702079e-05
Alteromonas,Genus,0.90379746835443,1.53499e-05
Aquimarina,Genus,0.90379746835443,9.45878e-06
Candidatus Planktophila,Genus,0.90379746835443,3.50161e-06
Dermabacter,Genus,0.90379746835443,5.98036e-06
Jeotgalicoccus,Genus,0.90379746835443,1.6174e-06
Mesobacillus,Genus,0.90379746835443,8.83493e-06
Micrococcus,Genus,0.90379746835443,3.81624e-06
Mixta,Genus,0.90379746835443,9.99765e-06
Rahnella,Genus,0.90379746835443,1.15795e-05
Thermoanaerobacterium,Genus,0.90379746835443,1.82855e-05
Aurantimonadaceae,Family,0.90126582278481,6.911064e-06
Haloarculaceae,Family,0.90126582278481,5.543916e-06
Sanguibacteraceae,Family,0.90126582278481,3.025945e-06
Aneurinibacillus,Genus,0.90126582278481,6.232895e-06
Arsenophonus,Genus,0.90126582278481,5.620005e-06
Ochrobactrum,Genus,0.90126582278481,5.53551e-06
Photorhabdus,Genus,0.90126582278481,6.815225e-06
Sanguibacter,Genus,0.90126582278481,3.025945e-06
Desulfobulbaceae,Family,0.89873417721519,2.0042511e-05
Amphibacillus,Genus,0.89873417721519,3.69301e-06
Cellulosimicrobium,Genus,0.89873417721519,3.67443e-06
Methylomonas,Genus,0.89873417721519,1.10446e-05
Rhodoferax,Genus,0.89873417721519,8.16788e-06
Saccharopolyspora,Genus,0.89873417721519,2.88601e-06
Sulfurospirillum,Genus,0.89873417721519,6.02084e-06
Thauera,Genus,0.89873417721519,5.83886e-06
Halobacteriaceae,Family,0.89620253164557,5.4359145e-06
Actinomadura,Genus,0.89620253164557,8.666725e-06
Azoarcus,Genus,0.89620253164557,1.13638e-05
Buttiauxella,Genus,0.89620253164557,9.441975e-06
Cellvibrio,Genus,0.89620253164557,5.43432e-06
Formosa,Genus,0.89620253164557,7.8114e-06
Kitasatospora,Genus,0.89620253164557,5.21919e-06
Nocardiopsis,Genus,0.89620253164557,3.793325e-06
Pseudobutyrivibrio,Genus,0.89620253164557,5.012625e-05
Thermococcus,Genus,0.89620253164557,1.06166e-05
Tumebacillus,Genus,0.89620253164557,6.151205e-06
Nitrospirae,Phylum,0.893670886075949,1.377201e-05
Nitrospira,Class,0.893670886075949,1.377201e-05
Nitrospirales,Order,0.893670886075949,1.377201e-05
Nitrospiraceae,Family,0.893670886075949,1.377201e-05
Actinoalloteichus,Genus,0.893670886075949,2.88918e-06
Collimonas,Genus,0.893670886075949,5.26819e-06
Thermoclostridium,Genus,0.893670886075949,1.01731e-05
Rubrobacteria,Class,0.891139240506329,5.3446985e-06
Rubrobacterales,Order,0.891139240506329,5.3446985e-06
Acetobacterium,Genus,0.891139240506329,2.096245e-05
Alcaligenes,Genus,0.891139240506329,6.454335e-06
Aliivibrio,Genus,0.891139240506329,4.5861e-06
Auricoccus,Genus,0.891139240506329,3.067245e-06
Cryobacterium,Genus,0.891139240506329,3.72319e-06
Maribacter,Genus,0.891139240506329,9.12982e-06
Microlunatus,Genus,0.891139240506329,4.01072e-06
Moorella,Genus,0.891139240506329,6.7704e-06
Moraxella,Genus,0.891139240506329,5.69325e-06
Plantibacter,Genus,0.891139240506329,1.574825e-06
Rhodobacter,Genus,0.891139240506329,5.55747e-06
Thermoanaerobacter,Genus,0.891139240506329,1.133765e-05
Coxiellaceae,Family,0.888607594936709,3.903073e-06
Nitrosomonadaceae,Family,0.888607594936709,1.4427107e-05
Rickettsiaceae,Family,0.888607594936709,9.764425e-06
Colwellia,Genus,0.888607594936709,1.43806e-05
Dysosmobacter,Genus,0.888607594936709,0.000145562
Echinicola,Genus,0.888607594936709,1.60604e-05
Herbaspirillum,Genus,0.888607594936709,1.00376e-05
Nonomuraea,Genus,0.888607594936709,5.4878e-06
Piscirickettsia,Genus,0.888607594936709,2.06626e-06
Ureibacillus,Genus,0.888607594936709,2.95185e-06
Sulfolobales,Order,0.886075949367089,1.837924145e-05
Aquificaceae,Family,0.886075949367089,9.7541715e-06
Archangiaceae,Family,0.886075949367089,8.831065e-06
Ruaniaceae,Family,0.886075949367089,4.5843245e-06
Sulfolobaceae,Family,0.886075949367089,1.837924145e-05
Filifactor,Genus,0.886075949367089,1.072405e-05
Izhakiella,Genus,0.886075949367089,7.716535e-06
Pseudoclostridium,Genus,0.886075949367089,1.14786e-05
Rhodopseudomonas,Genus,0.886075949367089,9.25713e-06
Saccharomonospora,Genus,0.886075949367089,6.360655e-06
Saccharothrix,Genus,0.886075949367089,2.77177e-06
Salicibibacter,Genus,0.886075949367089,6.04604e-06
Tannerella,Genus,0.886075949367089,1.134515e-05
Janibacter,Genus,0.883544303797468,3.00821e-06
Marinomonas,Genus,0.883544303797468,3.91043e-06
Phaeobacter,Genus,0.883544303797468,7.75944e-06
Serinicoccus,Genus,0.883544303797468,3.79671e-06
Sulfitobacter,Genus,0.883544303797468,8.54978e-06
Tissierella,Genus,0.883544303797468,2.3467e-05
Xylanimonas,Genus,0.883544303797468,2.82903e-06
Opitutae,Class,0.881012658227848,7.55212385e-06
Orbales,Order,0.881012658227848,5.693155e-06
Budviciaceae,Family,0.881012658227848,5.40325e-06
Orbaceae,Family,0.881012658227848,5.693155e-06
Actinobaculum,Genus,0.881012658227848,2.53603e-06
Ornithinimicrobium,Genus,0.881012658227848,4.33653e-06
Salinibacterium,Genus,0.881012658227848,1.93364e-06
Thermodesulfobacteria,Phylum,0.878481012658228,7.386809e-06
Thermodesulfobacteria,Class,0.878481012658228,7.386809e-06
Thermodesulfobacteriales,Order,0.878481012658228,7.386809e-06
Entomoplasmataceae,Family,0.878481012658228,7.47051e-06
Thermodesulfobacteriaceae,Family,0.878481012658228,7.386809e-06
Alcanivorax,Genus,0.878481012658228,6.63063e-06
Atlantibacter,Genus,0.878481012658228,6.78967e-06
Pseudodesulfovibrio,Genus,0.878481012658228,1.18553e-05
Tatumella,Genus,0.878481012658228,7.08188e-06
Bdellovibrionales,Order,0.875949367088608,6.170165e-06
Geodermatophilales,Order,0.875949367088608,2.6349965e-06
Bdellovibrionaceae,Family,0.875949367088608,6.170165e-06
Dermatophilaceae,Family,0.875949367088608,4.431226e-06
Geodermatophilaceae,Family,0.875949367088608,2.6349965e-06
Rubrobacteraceae,Family,0.875949367088608,4.867475e-06
Vallitaleaceae,Family,0.875949367088608,1.46749e-05
Bdellovibrio,Genus,0.875949367088608,6.170165e-06
Methylorubrum,Genus,0.875949367088608,3.078745e-06
Petrocella,Genus,0.875949367088608,1.46749e-05
Rubrobacter,Genus,0.875949367088608,4.867475e-06
Thermoactinomyces,Genus,0.875949367088608,2.813945e-06
Gemmatimonadetes,Phylum,0.873417721518987,5.147989e-06
Gemmatimonadetes,Class,0.873417721518987,5.147989e-06
Gemmatimonadales,Order,0.873417721518987,5.147989e-06
Beutenbergiaceae,Family,0.873417721518987,2.956177e-06
Desulfuromonadaceae,Family,0.873417721518987,1.454907e-05
Gemmatimonadaceae,Family,0.873417721518987,5.147989e-06
Halorubraceae,Family,0.873417721518987,4.781454e-06
Tsukamurellaceae,Family,0.873417721518987,1.9699e-06
Dermacoccus,Genus,0.873417721518987,1.641e-06
Devosia,Genus,0.873417721518987,5.00117e-06
Friedmanniella,Genus,0.873417721518987,2.17937e-06
Pelosinus,Genus,0.873417721518987,1.09982e-05
Pseudescherichia,Genus,0.873417721518987,5.77091e-06
Scandinavium,Genus,0.873417721518987,7.68414e-06
Tsukamurella,Genus,0.873417721518987,1.9699e-06
Wolbachia,Genus,0.873417721518987,8.05078e-06
Nakamurellales,Order,0.870886075949367,4.0577e-06
Pirellulales,Order,0.870886075949367,1.036395285e-05
Gallionellaceae,Family,0.870886075949367,1.0931654e-05
Nakamurellaceae,Family,0.870886075949367,4.0577e-06
Aggregatibacter,Genus,0.870886075949367,3.836265e-06
Clavibacter,Genus,0.870886075949367,2.642005e-06
Delftia,Genus,0.870886075949367,3.942335e-06
Erythrobacter,Genus,0.870886075949367,7.47977e-06
Hafnia,Genus,0.870886075949367,4.469165e-06
Myxococcus,Genus,0.870886075949367,4.98329e-06
Nakamurella,Genus,0.870886075949367,4.0577e-06
Streptacidiphilus,Genus,0.870886075949367,3.51601e-06
Gemmatales,Order,0.868354430379747,6.27352e-06
Gemmataceae,Family,0.868354430379747,6.27352e-06
Candidatus Phytoplasma,Genus,0.868354430379747,1.88049e-06
Terribacillus,Genus,0.868354430379747,8.15768e-06
Acidithiobacillia,Class,0.865822784810127,5.12563e-06
Acidithiobacillales,Order,0.865822784810127,5.12563e-06
Petrotogales,Order,0.865822784810127,5.486935e-06
Acidithiobacillaceae,Family,0.865822784810127,5.12563e-06
Halobacteroidaceae,Family,0.865822784810127,7.29432e-06
Petrotogaceae,Family,0.865822784810127,5.486935e-06
Acidithiobacillus,Genus,0.865822784810127,5.12563e-06
Ensifer,Genus,0.865822784810127,7.201955e-06
Roseovarius,Genus,0.865822784810127,6.345295e-06
Altererythrobacter,Genus,0.863291139240506,5.05343e-06
Diaphorobacter,Genus,0.863291139240506,6.02126e-06
Gramella,Genus,0.863291139240506,9.39262e-06
Chloroflexaceae,Family,0.860759493670886,2.08547e-06
Haloferacaceae,Family,0.860759493670886,4.1430328e-06
Methylocystaceae,Family,0.860759493670886,7.325688e-06
Chloroflexus,Genus,0.860759493670886,2.08547e-06
Gibbsiella,Genus,0.860759493670886,5.480825e-06
Luteimonas,Genus,0.860759493670886,3.335295e-06
Martelella,Genus,0.860759493670886,4.93596e-06
Phytohabitans,Genus,0.860759493670886,4.705045e-06
Rickettsia,Genus,0.860759493670886,6.655435e-06
Algibacter,Genus,0.858227848101266,6.6917e-06
Cellulophaga,Genus,0.858227848101266,1.25441e-05
Desulfosarcina,Genus,0.858227848101266,1.49378e-05
Kroppenstedtia,Genus,0.858227848101266,6.34993e-06
Mycolicibacter,Genus,0.858227848101266,2.95062e-06
Nitrosomonas,Genus,0.858227848101266,1.19117e-05
Shimwellia,Genus,0.858227848101266,1.01028e-05
Tardiphaga,Genus,0.858227848101266,1.75977e-06
Opitutales,Order,0.855696202531646,7.108462e-06
Methanococcaceae,Family,0.855696202531646,5.712435e-06
Opitutaceae,Family,0.855696202531646,7.108462e-06
Sporolactobacillaceae,Family,0.855696202531646,2.7654e-06
Sterolibacteriaceae,Family,0.855696202531646,7.0745125e-06
Actinotignum,Genus,0.855696202531646,2.184135e-06
Agrococcus,Genus,0.855696202531646,2.303085e-06
Aurantimicrobium,Genus,0.855696202531646,1.80324e-06
Sporolactobacillus,Genus,0.855696202531646,2.7654e-06
Jiangellales,Order,0.853164556962025,3.1942e-06
Jiangellaceae,Family,0.853164556962025,3.1942e-06
Moritellaceae,Family,0.853164556962025,4.69895e-06
Candidatus Blochmannia,Genus,0.853164556962025,5.3977e-06
Empedobacter,Genus,0.853164556962025,5.31381e-06
Jiangella,Genus,0.853164556962025,3.1942e-06
Moritella,Genus,0.853164556962025,4.69895e-06
Rhodoluna,Genus,0.853164556962025,1.99514e-06
Sulfurimonas,Genus,0.853164556962025,1.29554e-05
Nitriliruptoria,Class,0.850632911392405,3.845875e-06
Chlamydiales,Order,0.850632911392405,6.914085e-06
Chlamydiaceae,Family,0.850632911392405,6.914085e-06
Hahellaceae,Family,0.850632911392405,6.866638e-06
Candidatus Methylopumilus,Genus,0.850632911392405,4.936485e-06
Chlamydia,Genus,0.850632911392405,6.914085e-06
Halarcobacter,Genus,0.850632911392405,7.25223e-06
Methanococcus,Genus,0.850632911392405,5.163285e-06
Nitrospira,Genus,0.850632911392405,1.029645e-05
Pelobacter,Genus,0.850632911392405,1.068635e-05
Phycicoccus,Genus,0.850632911392405,2.914665e-06
Polaromonas,Genus,0.850632911392405,4.66531e-06
Streptosporangium,Genus,0.850632911392405,4.104295e-06
Thiomicrorhabdus,Genus,0.850632911392405,5.189755e-06
Borrelia,Genus,0.848101265822785,1.03317e-05
Frondihabitans,Genus,0.848101265822785,1.85051e-06
Candidatus Arthromitus,Genus,0.845569620253165,7.88706e-06
Kribbella,Genus,0.845569620253165,2.772175e-06
Salinimonas,Genus,0.845569620253165,2.799855e-06
Syntrophobacterales,Order,0.843037974683544,1.0767757e-05
Flammeovirgaceae,Family,0.843037974683544,6.73723e-06
Prolixibacteraceae,Family,0.843037974683544,7.1154e-06
Syntrophomonadaceae,Family,0.843037974683544,1.010757e-05
Draconibacterium,Genus,0.843037974683544,7.1154e-06
Flammeovirga,Genus,0.843037974683544,6.73723e-06
Intrasporangium,Genus,0.843037974683544,1.48638e-06
Isoptericola,Genus,0.843037974683544,2.98072e-06
Libanicoccus,Genus,0.843037974683544,4.10745e-06
Microterricola,Genus,0.843037974683544,2.26826e-06
Salegentibacter,Genus,0.843037974683544,4.08439e-06
Phycisphaerae,Class,0.840506329113924,1.1767052e-05
Methanomicrobiales,Order,0.840506329113924,1.632308185e-05
Heliobacteriaceae,Family,0.840506329113924,8.38522e-06
Caloranaerobacter,Genus,0.840506329113924,5.95854e-06
Devriesea,Genus,0.840506329113924,1.547265e-06
Labrenzia,Genus,0.840506329113924,6.644275e-06
Leminorella,Genus,0.840506329113924,2.18681e-06
Neorhizobium,Genus,0.840506329113924,3.30097e-06
Dehalococcoidia,Class,0.837974683544304,1.233601e-05
Bradymonadales,Order,0.837974683544304,5.41889e-06
Dehalococcoidales,Order,0.837974683544304,1.233601e-05
Dehalococcoidaceae,Family,0.837974683544304,1.233601e-05
Fervidobacteriaceae,Family,0.837974683544304,9.61827e-06
Anaerotignum,Genus,0.837974683544304,2.52119e-05
Arabia,Genus,0.837974683544304,5.78591e-06
Citricoccus,Genus,0.837974683544304,1.24612e-06
Dehalococcoides,Genus,0.837974683544304,1.09655e-05
Ethanoligenens,Genus,0.837974683544304,1.47197e-05
Hydrogenovibrio,Genus,0.837974683544304,2.87796e-06
Hyphomonas,Genus,0.837974683544304,3.05602e-06
Kushneria,Genus,0.837974683544304,3.92917e-06
Ruania,Genus,0.837974683544304,2.81168e-06
Thermoplasmata,Class,0.835443037974684,7.5299839e-06
Verrucomicrobiaceae,Family,0.835443037974684,9.207545e-06
Auritidibacter,Genus,0.835443037974684,1.344225e-06
Chlorobium,Genus,0.835443037974684,8.47416e-06
Dehalobacterium,Genus,0.835443037974684,1.476905e-05
Duganella,Genus,0.835443037974684,1.866605e-06
Geosporobacter,Genus,0.835443037974684,1.71684e-05
Glaesserella,Genus,0.835443037974684,1.99488e-06
Mesoplasma,Genus,0.835443037974684,5.721045e-06
Salinicoccus,Genus,0.835443037974684,3.797835e-06
Spirochaeta,Genus,0.835443037974684,1.05569e-05
Thalassospira,Genus,0.835443037974684,3.259455e-06
Isosphaerales,Order,0.832911392405063,4.878005e-06
Isosphaeraceae,Family,0.832911392405063,4.878005e-06
Pirellulaceae,Family,0.832911392405063,5.711371e-06
Aquitalea,Genus,0.832911392405063,6.98668e-06
Arachidicoccus,Genus,0.832911392405063,1.03324e-05
Candidatus Hamiltonella,Genus,0.832911392405063,3.84807e-06
Halobacterium,Genus,0.832911392405063,2.2986e-06
Humibacter,Genus,0.832911392405063,1.5332e-06
Miniimonas,Genus,0.832911392405063,1.40218e-06
Pseudoxanthomonas,Genus,0.832911392405063,3.17604e-06
Thioalkalivibrio,Genus,0.832911392405063,7.22572e-06
Kosmotogales,Order,0.830379746835443,5.51457e-06
Nautiliales,Order,0.830379746835443,6.3782295e-06
Anaeromyxobacteraceae,Family,0.830379746835443,3.444e-06
Granulosicoccaceae,Family,0.830379746835443,5.717075e-06
Kosmotogaceae,Family,0.830379746835443,5.51457e-06
Nautiliaceae,Family,0.830379746835443,6.3782295e-06
Anaeromyxobacter,Genus,0.830379746835443,3.444e-06
Hypericibacter,Genus,0.830379746835443,3.56365e-06
Methylotenera,Genus,0.830379746835443,2.17074e-06
Paraglaciecola,Genus,0.830379746835443,3.3907e-06
Rhodospirillum,Genus,0.830379746835443,2.237875e-06
Ignavibacteriae,Phylum,0.827848101265823,7.0788e-06
Ignavibacteria,Class,0.827848101265823,7.0788e-06
Ignavibacteriales,Order,0.827848101265823,7.0788e-06
Bradymonadaceae,Family,0.827848101265823,5.03349e-06
Crassaminicella,Genus,0.827848101265823,8.82934e-06
Methylomicrobium,Genus,0.827848101265823,4.93499e-06
Parolsenella,Genus,0.827848101265823,4.08707e-06
Rhodocyclaceae,Family,0.825316455696202,3.090161e-06
Celeribacter,Genus,0.825316455696202,4.27133e-06
Duncaniella,Genus,0.825316455696202,1.76219e-05
Gemmata,Genus,0.825316455696202,4.03485e-06
Hyphomicrobium,Genus,0.825316455696202,3.747395e-06
Methylomusa,Genus,0.825316455696202,5.348615e-06
Raineyella,Genus,0.825316455696202,1.49121e-06
Halieaceae,Family,0.822784810126582,6.393566e-06
Psychromonadaceae,Family,0.822784810126582,3.06567e-06
Aureimonas,Genus,0.822784810126582,1.7463e-06
Corallococcus,Genus,0.822784810126582,4.93499e-06
Dehalobacter,Genus,0.822784810126582,2.11641e-05
Gudongella,Genus,0.822784810126582,5.56032e-06
Halocella,Genus,0.822784810126582,1.00444e-05
Halorubrum,Genus,0.822784810126582,2.69294e-06
Methylocystis,Genus,0.822784810126582,3.71559e-06
Psychromonas,Genus,0.822784810126582,3.06567e-06
Bernardetiaceae,Family,0.820253164556962,4.749185e-06
Alicyclobacillus,Genus,0.820253164556962,4.34016e-06
Bernardetia,Genus,0.820253164556962,4.749185e-06
Coriobacterium,Genus,0.820253164556962,2.790565e-06
Luteipulveratus,Genus,0.820253164556962,1.06747e-06
Mageeibacillus,Genus,0.820253164556962,1.41728e-05
Micropruina,Genus,0.820253164556962,1.244635e-06
Neomicrococcus,Genus,0.820253164556962,1.556135e-06
Paraliobacillus,Genus,0.820253164556962,3.559755e-06
Pragia,Genus,0.820253164556962,3.102255e-06
Ruegeria,Genus,0.820253164556962,4.050195e-06
Saliniradius,Genus,0.820253164556962,2.10896e-06
Clostridiales Family XVII. Incertae Sedis,Family,0.817721518987342,6.60741e-06
Alkaliphilus,Genus,0.817721518987342,1.33971e-05
Candidatus Aquiluna,Genus,0.817721518987342,1.25788e-06
Hahella,Genus,0.817721518987342,4.02229e-06
Halanaerobium,Genus,0.817721518987342,1.0125e-05
Leisingera,Genus,0.817721518987342,5.65382e-06
Methylococcus,Genus,0.817721518987342,2.53619e-06
Thermaerobacter,Genus,0.817721518987342,5.6592e-06
Bacteroidetes Order II. Incertae sedis,Order,0.815189873417722,7.376555e-06
Nevskiales,Order,0.815189873417722,3.7585345e-06
Ferrimonadaceae,Family,0.815189873417722,3.867515e-06
Rhodothermaceae,Family,0.815189873417722,7.376555e-06
Advenella,Genus,0.815189873417722,3.895825e-06
Ferrimonas,Genus,0.815189873417722,3.867515e-06
Flavisolibacter,Genus,0.815189873417722,8.759585e-06
Gluconobacter,Genus,0.815189873417722,4.721945e-06
Kytococcus,Genus,0.815189873417722,1.50129e-06
Liberibacter,Genus,0.815189873417722,3.502125e-06
Meiothermus,Genus,0.815189873417722,3.0703e-06
Renibacterium,Genus,0.815189873417722,8.07161e-07
Salinivibrio,Genus,0.815189873417722,2.32165e-06
Terriglobus,Genus,0.815189873417722,5.272935e-06
Acidimicrobiia,Class,0.812658227848101,1.313266e-06
Acidimicrobiales,Order,0.812658227848101,1.313266e-06
Holosporales,Order,0.812658227848101,2.308235e-06
Desulfomicrobiaceae,Family,0.812658227848101,6.9504e-06
Alloactinosynnema,Genus,0.812658227848101,1.12666e-06
Beutenbergia,Genus,0.812658227848101,1.50954e-06
Desulfomicrobium,Genus,0.812658227848101,6.9504e-06
Desulfopila,Genus,0.812658227848101,6.58379e-06
Microvirga,Genus,0.812658227848101,2.89817e-06
Xylella,Genus,0.812658227848101,4.51788e-06
Methanocaldococcaceae,Family,0.810126582278481,3.5758545e-06
Antarcticibacterium,Genus,0.810126582278481,2.422475e-06
Azotobacter,Genus,0.810126582278481,3.474795e-06
Borreliella,Genus,0.810126582278481,4.77204e-06
Cobetia,Genus,0.810126582278481,1.954905e-06
Persicimonas,Genus,0.810126582278481,2.347395e-06
Prosthecochloris,Genus,0.810126582278481,5.269555e-06
Runella,Genus,0.810126582278481,1.009885e-05
Austwickia,Genus,0.807594936708861,1.98408e-06
Desulfallas,Genus,0.807594936708861,7.81217e-06
Ewingella,Genus,0.807594936708861,1.08713e-06
Jeotgalibacillus,Genus,0.807594936708861,5.82972e-06
Magnetospirillum,Genus,0.807594936708861,5.77058e-06
Nesterenkonia,Genus,0.807594936708861,1.4622e-06
Octadecabacter,Genus,0.807594936708861,2.86098e-06
Roseomonas,Genus,0.807594936708861,2.97309e-06
Rummeliibacillus,Genus,0.807594936708861,3.74613e-06
Denitrobacterium,Genus,0.80506329113924,2.412725e-06
Gemmatimonas,Genus,0.80506329113924,4.244155e-06
Haloactinobacterium,Genus,0.80506329113924,2.30465e-06
Kyrpidia,Genus,0.80506329113924,4.711055e-06
Lentzea,Genus,0.80506329113924,1.829e-06
Nissabacter,Genus,0.80506329113924,2.92902e-06
Oerskovia,Genus,0.80506329113924,9.633875e-07
Ottowia,Genus,0.80506329113924,2.166815e-06
Sebaldella,Genus,0.80506329113924,9.649445e-06
Bacteriovoracales,Order,0.80253164556962,5.1451736e-06
Sedimentisphaerales,Order,0.80253164556962,1.012403e-05
Thermotogaceae,Family,0.80253164556962,1.0973299e-05
Gilliamella,Genus,0.80253164556962,2.574e-06
Natrinema,Genus,0.80253164556962,2.9847e-06
Nitrosococcus,Genus,0.80253164556962,2.39592e-06
Sphingorhabdus,Genus,0.80253164556962,4.08632e-06
Thermobacillus,Genus,0.80253164556962,3.46924e-06
Verrucosispora,Genus,0.80253164556962,2.38558e-06
Acidiferrobacterales,Order,0.8,2.3629115e-06
Natranaerobiales,Order,0.8,2.758925e-06
Pelagibacterales,Order,0.8,7.645873e-06
Acidiferrobacteraceae,Family,0.8,2.3629115e-06
Natranaerobiaceae,Family,0.8,2.758925e-06
Pelagibacteraceae,Family,0.8,7.645873e-06
Apibacter,Genus,0.8,5.58936e-06
Asticcacaulis,Genus,0.8,2.774905e-06
Azospira,Genus,0.8,1.90837e-06
Muribaculum,Genus,0.8,1.366485e-05
Natranaerobius,Genus,0.8,2.758925e-06
Paraoerskovia,Genus,0.8,8.969535e-07
Pusillimonas,Genus,0.8,2.74479e-06
Sinomonas,Genus,0.8,1.33586e-06
Sulfolobus,Genus,0.8,3.807835e-06
Aeribacillus,Genus,0.79746835443038,6.38998e-06
Brucella,Genus,0.79746835443038,3.49905e-06
Lacinutrix,Genus,0.79746835443038,5.49179e-06
Plantactinospora,Genus,0.79746835443038,3.37538e-06
Undibacterium,Genus,0.79746835443038,4.78834e-06
Ktedonobacteria,Class,0.79493670886076,2.69185e-06
Ktedonobacterales,Order,0.79493670886076,2.69185e-06
Thermoproteales,Order,0.79493670886076,4.5189971e-06
Ktedonosporobacteraceae,Family,0.79493670886076,2.69185e-06
Saccharospirillaceae,Family,0.79493670886076,5.0818194e-06
Desulfofarcimen,Genus,0.79493670886076,5.96607e-06
Dyella,Genus,0.79493670886076,4.230835e-06
Granulicella,Genus,0.79493670886076,8.495205e-06
Ktedonosporobacter,Genus,0.79493670886076,2.69185e-06
Pseudactinotalea,Genus,0.79493670886076,1.519365e-06
Rufibacter,Genus,0.79493670886076,6.88103e-06
Thalassotalea,Genus,0.79493670886076,1.864965e-06
Catenulisporales,Order,0.792405063291139,2.20065e-06
Amoebophilaceae,Family,0.792405063291139,1.974621e-06
Catenulisporaceae,Family,0.792405063291139,2.20065e-06
Gottschalkiaceae,Family,0.792405063291139,5.02485e-06
Idiomarinaceae,Family,0.792405063291139,3.72944e-06
Marivirgaceae,Family,0.792405063291139,3.42458e-06
Spongiibacteraceae,Family,0.792405063291139,2.4636226e-06
Aminobacter,Genus,0.792405063291139,3.8953e-06
Catenulispora,Genus,0.792405063291139,2.20065e-06
Gottschalkia,Genus,0.792405063291139,5.02485e-06
Halioglobus,Genus,0.792405063291139,4.10745e-06
Idiomarina,Genus,0.792405063291139,3.72944e-06
Lutibacter,Genus,0.792405063291139,1.99937e-06
Marivirga,Genus,0.792405063291139,3.42458e-06
Methanocaldococcus,Genus,0.792405063291139,3.0745e-06
Propioniciclava,Genus,0.792405063291139,1.20007e-06
Thermosediminibacterales,Order,0.789873417721519,1.482901e-05
Jonesiaceae,Family,0.789873417721519,1.409895e-06
Sinobacteraceae,Family,0.789873417721519,2.2056485e-06
Arsenicicoccus,Genus,0.789873417721519,1.147365e-06
Caloramator,Genus,0.789873417721519,1.13159e-05
Candidatus Pelagibacter,Genus,0.789873417721519,7.187065e-06
Halobacteroides,Genus,0.789873417721519,4.54325e-06
Jonesia,Genus,0.789873417721519,1.409895e-06
Laceyella,Genus,0.789873417721519,3.378435e-06
Marinitoga,Genus,0.789873417721519,3.582055e-06
Mobilicoccus,Genus,0.789873417721519,1.211265e-06
Taylorella,Genus,0.789873417721519,2.23939e-06
Archaeoglobi,Class,0.787341772151899,6.18112e-06
Archaeoglobales,Order,0.787341772151899,6.18112e-06
Archaeoglobaceae,Family,0.787341772151899,6.18112e-06
Sutterellaceae,Family,0.787341772151899,5.02957e-06
Syntrophaceae,Family,0.787341772151899,6.929e-06
Allokutzneria,Genus,0.787341772151899,1.55989e-06
Cyclobacterium,Genus,0.787341772151899,5.73145e-06
Frigoribacterium,Genus,0.787341772151899,6.89191e-07
Sphaerochaeta,Genus,0.787341772151899,1.32054e-05
Tepidanaerobacteraceae,Family,0.784810126582278,1.1962225e-05
Thiotrichaceae,Family,0.784810126582278,3.5726165e-06
Acidihalobacter,Genus,0.784810126582278,3.84819e-06
Chania,Genus,0.784810126582278,4.133565e-06
Diaminobutyricimonas,Genus,0.784810126582278,7.812645e-07
Limnohabitans,Genus,0.784810126582278,1.203075e-06
Methanobacterium,Genus,0.784810126582278,5.828365e-06
Methylophaga,Genus,0.784810126582278,2.14248e-06
Vitreoscilla,Genus,0.784810126582278,2.93673e-06
Kangiellaceae,Family,0.782278481012658,2.76035e-06
Kofleriaceae,Family,0.782278481012658,1.86763e-06
Paludibacteraceae,Family,0.782278481012658,5.22921e-06
Actinosynnema,Genus,0.782278481012658,1.84437e-06
Catenovulum,Genus,0.782278481012658,1.96028e-06
Haliangium,Genus,0.782278481012658,1.86763e-06
Histophilus,Genus,0.782278481012658,1.98837e-06
Kangiella,Genus,0.782278481012658,2.76035e-06
Paludibacter,Genus,0.782278481012658,5.22921e-06
Rhodovulum,Genus,0.782278481012658,4.40711e-06
Salimicrobium,Genus,0.782278481012658,3.58565e-06
Thermotoga,Genus,0.782278481012658,8.09285e-06
Xylanimicrobium,Genus,0.782278481012658,1.35184e-06
Cardiobacteriales,Order,0.779746835443038,3.628885e-06
Cardiobacteriaceae,Family,0.779746835443038,3.628885e-06
Ancylobacter,Genus,0.779746835443038,1.102615e-06
Kordia,Genus,0.779746835443038,5.64827e-06
Marmoricola,Genus,0.779746835443038,9.34767e-07
Propionimicrobium,Genus,0.779746835443038,1.99222e-06
Rouxiella,Genus,0.779746835443038,1.513935e-06
Kineosporiales,Order,0.777215189873418,1.52801e-06
Kineosporiaceae,Family,0.777215189873418,1.52801e-06
Labilitrichaceae,Family,0.777215189873418,1.08613e-06
Aequorivita,Genus,0.777215189873418,5.01799e-06
Dokdonia,Genus,0.777215189873418,5.11027e-06
Kineococcus,Genus,0.777215189873418,1.52801e-06
Labilithrix,Genus,0.777215189873418,1.0646e-06
Marisediminicola,Genus,0.777215189873418,8.24899e-07
Mesotoga,Genus,0.777215189873418,2.43206e-06
Novibacillus,Genus,0.777215189873418,1.61388e-06
Opitutus,Genus,0.777215189873418,3.89861e-06
Thermoanaerosceptrum,Genus,0.777215189873418,1.13081e-05
Acidianus,Genus,0.774683544303797,5.117735e-06
Acidobacterium,Genus,0.774683544303797,2.397695e-06
Chlorobaculum,Genus,0.774683544303797,4.77143e-06
Obesumbacterium,Genus,0.774683544303797,1.50934e-06
Pontibacillus,Genus,0.774683544303797,2.87987e-06
Porphyrobacter,Genus,0.774683544303797,2.591095e-06
Pseudobacter,Genus,0.774683544303797,3.96817e-06
Salinispora,Genus,0.774683544303797,1.10087e-06
Verrucomicrobium,Genus,0.774683544303797,4.007875e-06
Hydrogenothermaceae,Family,0.772151898734177,6.134065e-06
Avibacterium,Genus,0.772151898734177,2.51531e-06
Hathewaya,Genus,0.772151898734177,9.93293e-06
Kibdelosporangium,Genus,0.772151898734177,2.12773e-06
Pelodictyon,Genus,0.772151898734177,5.03062e-06
Planomicrobium,Genus,0.772151898734177,4.21835e-06
Psychromicrobium,Genus,0.772151898734177,8.71535e-07
Thermomonas,Genus,0.772151898734177,2.5909e-06
Verminephrobacter,Genus,0.772151898734177,1.58005e-06
Zunongwangia,Genus,0.772151898734177,4.74609e-06
Desulfurococcales,Order,0.769620253164557,4.0055425e-06
Thermoplasmatales,Order,0.769620253164557,2.7526895e-06
Clostridiales Family XVI. Incertae Sedis,Family,0.769620253164557,4.64729e-06
Roseiflexaceae,Family,0.769620253164557,3.652665e-06
Carboxydocella,Genus,0.769620253164557,4.486185e-06
Gallibacterium,Genus,0.769620253164557,1.693365e-06
Hoeflea,Genus,0.769620253164557,4.249635e-06
Limnobaculum,Genus,0.769620253164557,2.95956e-06
Muricauda,Genus,0.769620253164557,4.068045e-06
Pannonibacter,Genus,0.769620253164557,3.63003e-06
Pseudoleptotrichia,Genus,0.769620253164557,5.2561e-06
Rheinheimera,Genus,0.769620253164557,1.516795e-06
Roseiflexus,Genus,0.769620253164557,3.652665e-06
Chelatococcaceae,Family,0.767088607594937,1.58176e-06
Chelatococcus,Genus,0.767088607594937,1.58176e-06
Lonsdalea,Genus,0.767088607594937,1.35753e-06
Nitratireductor,Genus,0.767088607594937,2.60625e-06
Spiribacter,Genus,0.767088607594937,4.32327e-06
Syntrophobotulus,Genus,0.767088607594937,9.85449e-06
Chrysiogenetes,Phylum,0.764556962025316,3.816105e-06
Thaumarchaeota,Phylum,0.764556962025316,4.034232e-06
Chrysiogenetes,Class,0.764556962025316,3.816105e-06
Nitrososphaeria,Class,0.764556962025316,4.034232e-06
Chrysiogenales,Order,0.764556962025316,3.816105e-06
Glycomycetales,Order,0.764556962025316,1.009467e-06
Chrysiogenaceae,Family,0.764556962025316,3.816105e-06
Glycomycetaceae,Family,0.764556962025316,1.009467e-06
Halothiobacillaceae,Family,0.764556962025316,1.628485e-06
Sandaracinaceae,Family,0.764556962025316,1.512245e-06
Coxiella,Genus,0.764556962025316,1.58997e-06
Desulfurispirillum,Genus,0.764556962025316,3.816105e-06
Fervidobacterium,Genus,0.764556962025316,6.144135e-06
Halothiobacillus,Genus,0.764556962025316,1.628485e-06
Herbiconiux,Genus,0.764556962025316,1.36226e-06
Pectinatus,Genus,0.764556962025316,6.764725e-06
Pigmentiphaga,Genus,0.764556962025316,4.98697e-06
Sandaracinus,Genus,0.764556962025316,1.28258e-06
Stackebrandtia,Genus,0.764556962025316,1.009467e-06
Streptobacillus,Genus,0.764556962025316,3.86181e-06
Thermoleophilia,Class,0.762025316455696,1.47628e-06
Solirubrobacterales,Order,0.762025316455696,1.47628e-06
Conexibacteraceae,Family,0.762025316455696,1.47628e-06
Archaeoglobus,Genus,0.762025316455696,3.82517e-06
Conexibacter,Genus,0.762025316455696,1.47628e-06
Fibrella,Genus,0.762025316455696,5.75049e-06
Niabella,Genus,0.762025316455696,9.03188e-06
Nitrosospira,Genus,0.762025316455696,3.23203e-06
Nitrospirillum,Genus,0.762025316455696,3.25305e-06
Sphingosinicella,Genus,0.762025316455696,1.18517e-06
Sulfuriferula,Genus,0.762025316455696,5.357e-06
Wenyingzhuangia,Genus,0.762025316455696,1.99709e-06
Yangia,Genus,0.762025316455696,1.26901e-06
Fibrobacteres,Phylum,0.759493670886076,5.022635e-06
Fibrobacteria,Class,0.759493670886076,5.022635e-06
Fibrobacterales,Order,0.759493670886076,5.022635e-06
Fibrobacteraceae,Family,0.759493670886076,5.022635e-06
Fulvivirgaceae,Family,0.759493670886076,1.899205e-06
Ignavibacteriaceae,Family,0.759493670886076,2.863675e-06
Methanomicrobiaceae,Family,0.759493670886076,8.72060135e-06
Symbiobacteriaceae,Family,0.759493670886076,2.64123e-06
Adhaeribacter,Genus,0.759493670886076,4.452765e-06
Candidatus Nanopelagicus,Genus,0.759493670886076,1.400015e-06
Chryseolinea,Genus,0.759493670886076,1.899205e-06
Cystobacter,Genus,0.759493670886076,3.10369e-06
Fibrobacter,Genus,0.759493670886076,5.022635e-06
Geodermatophilus,Genus,0.759493670886076,1.017875e-06
Ignavibacterium,Genus,0.759493670886076,2.863675e-06
Ketobacter,Genus,0.759493670886076,7.775845e-07
Salinibacter,Genus,0.759493670886076,3.66356e-06
Symbiobacterium,Genus,0.759493670886076,2.64123e-06
Tetrasphaera,Genus,0.759493670886076,8.90957e-07
Actinotalea,Genus,0.756962025316456,1.12474e-06
Archangium,Genus,0.756962025316456,3.91593e-06
Bisgaardia,Genus,0.756962025316456,1.62787e-06
Chitinibacter,Genus,0.756962025316456,2.86887e-06
Chryseoglobus,Genus,0.756962025316456,8.29261e-07
Denitratisoma,Genus,0.756962025316456,3.67311e-06
Desulfococcus,Genus,0.756962025316456,6.70366e-06
Glaciihabitans,Genus,0.756962025316456,7.3814e-07
Heliobacterium,Genus,0.756962025316456,5.93977e-06
Labilibaculum,Genus,0.756962025316456,3.20961e-06
Oceanicola,Genus,0.756962025316456,9.21008e-07
Saprospiria,Class,0.754430379746835,5.1974e-06
Egicoccales,Order,0.754430379746835,1.03417e-06
Saprospirales,Order,0.754430379746835,4.7324035e-06
Egicoccaceae,Family,0.754430379746835,1.03417e-06
Halobacteriovoraceae,Family,0.754430379746835,4.19528e-06
Sedimentisphaeraceae,Family,0.754430379746835,8.7269673e-06
Acetohalobium,Genus,0.754430379746835,4.999085e-06
Desulfatibacillum,Genus,0.754430379746835,2.448795e-06
Desulfobacterium,Genus,0.754430379746835,2.719125e-06
Egicoccus,Genus,0.754430379746835,1.03417e-06
Glaciecola,Genus,0.754430379746835,3.0348e-06
Halobacteriovorax,Genus,0.754430379746835,4.19528e-06
Hydrogenobaculum,Genus,0.754430379746835,2.42229e-06
Kutzneria,Genus,0.754430379746835,1.28564e-06
Marinobacterium,Genus,0.754430379746835,1.82757e-06
Modestobacter,Genus,0.754430379746835,8.84611e-07
Planctomyces,Genus,0.754430379746835,3.41616e-06
Proteiniphilum,Genus,0.754430379746835,4.205655e-06
Streptomonospora,Genus,0.754430379746835,1.72359e-06
Thermincola,Genus,0.754430379746835,4.974925e-06
Thermochromatium,Genus,0.754430379746835,9.960985e-07
Elusimicrobia,Phylum,0.751898734177215,6.5535303e-06
Zetaproteobacteria,Class,0.751898734177215,2.5663e-06
Mariprofundales,Order,0.751898734177215,2.5663e-06
Sporichthyales,Order,0.751898734177215,1.23925e-06
Mariprofundaceae,Family,0.751898734177215,2.5663e-06
Sporichthyaceae,Family,0.751898734177215,1.23925e-06
Epidermidibacterium,Genus,0.751898734177215,1.23925e-06
Kingella,Genus,0.751898734177215,1.92353e-06
Mariprofundus,Genus,0.751898734177215,2.5663e-06
Ramlibacter,Genus,0.751898734177215,1.98837e-06
Rhodocytophaga,Genus,0.751898734177215,7.48123e-06
Teredinibacter,Genus,0.751898734177215,4.58848e-06
Dictyoglomi,Phylum,0.749367088607595,4.153605e-06
Dictyoglomia,Class,0.749367088607595,4.153605e-06
Gloeobacteria,Class,0.749367088607595,3.694565e-06
Bryobacterales,Order,0.749367088607595,2.4164e-06
Dictyoglomales,Order,0.749367088607595,4.153605e-06
Euzebyales,Order,0.749367088607595,1.213015e-06
Gloeobacterales,Order,0.749367088607595,2.63822e-06
Dictyoglomaceae,Family,0.749367088607595,4.153605e-06
Euzebyaceae,Family,0.749367088607595,1.213015e-06
Gloeobacteraceae,Family,0.749367088607595,2.63822e-06
Solibacteraceae,Family,0.749367088607595,2.4164e-06
Thermoproteaceae,Family,0.749367088607595,4.03912635e-06
Blastococcus,Genus,0.749367088607595,9.96293e-07
Candidatus Solibacter,Genus,0.749367088607595,2.4164e-06
Dictyoglomus,Genus,0.749367088607595,4.153605e-06
Euzebya,Genus,0.749367088607595,1.213015e-06
Gloeobacter,Genus,0.749367088607595,2.63822e-06
Haloferax,Genus,0.749367088607595,1.46452e-06
Microcella,Genus,0.749367088607595,6.026415e-07
Minicystis,Genus,0.749367088607595,3.1449e-06
Phenylobacterium,Genus,0.749367088607595,1.562905e-06
Pseudopedobacter,Genus,0.749367088607595,2.35686e-06
Shinella,Genus,0.749367088607595,8.318e-07
Stappia,Genus,0.749367088607595,3.68978e-06
Thermomonospora,Genus,0.749367088607595,9.017285e-07
Thiomicrospira,Genus,0.749367088607595,1.807265e-06
Nitrososphaerales,Order,0.746835443037975,3.34162e-06
Nitrososphaeraceae,Family,0.746835443037975,3.34162e-06
Rhodobiaceae,Family,0.746835443037975,3.5412707e-06
Auraticoccus,Genus,0.746835443037975,1.78083e-06
Desulfuromonas,Genus,0.746835443037975,3.91108e-06
Granulosicoccus,Genus,0.746835443037975,3.14548e-06
Heliorestis,Genus,0.746835443037975,3.82517e-06
Niastella,Genus,0.746835443037975,5.19806e-06
Rhodanobacter,Genus,0.746835443037975,1.78406e-06
Azonexaceae,Family,0.744303797468354,2.521645e-06
Aquisphaera,Genus,0.744303797468354,2.2139e-06
Candidatus Cardinium,Genus,0.744303797468354,9.82921e-07
Candidatus Fukatsuia,Genus,0.744303797468354,1.41774e-06
Dechloromonas,Genus,0.744303797468354,2.521645e-06
Dermatophilus,Genus,0.744303797468354,1.2803e-06
Entomoplasma,Genus,0.744303797468354,3.171395e-06
Fermentimonas,Genus,0.744303797468354,3.825945e-06
Haloarcula,Genus,0.744303797468354,1.39053e-06
Haloplanus,Genus,0.744303797468354,1.66561e-06
Jonquetella,Genus,0.744303797468354,2.228165e-06
Leptospirillum,Genus,0.744303797468354,3.184335e-06
Mumia,Genus,0.744303797468354,8.619555e-07
Nautilia,Genus,0.744303797468354,3.89531e-06
Saccharibacillus,Genus,0.744303797468354,8.2819e-06
Sulfuriflexus,Genus,0.744303797468354,1.61321e-06
Methanotrichaceae,Family,0.741772151898734,2.69294e-06
Bibersteinia,Genus,0.741772151898734,1.72964e-06
Ehrlichia,Genus,0.741772151898734,3.11645e-06
Gryllotalpicola,Genus,0.741772151898734,6.88064e-07
Methanothrix,Genus,0.741772151898734,2.69294e-06
Methylocaldum,Genus,0.741772151898734,2.98739e-06
Zymomonas,Genus,0.741772151898734,1.95368e-06
Immundisolibacterales,Order,0.739240506329114,1.198815e-06
Immundisolibacteraceae,Family,0.739240506329114,1.198815e-06
Biomaibacter,Genus,0.739240506329114,7.187965e-06
Candidatus Syntrophocurvum,Genus,0.739240506329114,3.04335e-06
Desulfobulbus,Genus,0.739240506329114,7.031045e-06
Gemmatirosa,Genus,0.739240506329114,1.186595e-06
Hydrocarboniclastica,Genus,0.739240506329114,8.743545e-07
Immundisolibacter,Genus,0.739240506329114,1.198815e-06
Pyrococcus,Genus,0.739240506329114,2.819715e-06
Methanomassiliicoccales,Order,0.736708860759494,4.8732132e-06
Actinopolymorpha,Genus,0.736708860759494,9.86649e-07
Paraflavitalea,Genus,0.736708860759494,3.60406e-06
Pirellula,Genus,0.736708860759494,1.50644e-06
Ureaplasma,Genus,0.736708860759494,1.53516e-06
Methylacidiphilae,Class,0.734177215189873,2.831915e-06
Methylacidiphilales,Order,0.734177215189873,2.831915e-06
Methylacidiphilaceae,Family,0.734177215189873,2.831915e-06
Thermoanaerobacterales Family IV. Incertae Sedis,Family,0.734177215189873,8.117495e-06
Belliella,Genus,0.734177215189873,2.286825e-06
Chitinimonas,Genus,0.734177215189873,3.335045e-06
Epibacterium,Genus,0.734177215189873,2.110465e-06
Ilyobacter,Genus,0.734177215189873,4.754495e-06
Mahella,Genus,0.734177215189873,8.117495e-06
Methylacidiphilum,Genus,0.734177215189873,2.831915e-06
Neptunomonas,Genus,0.734177215189873,1.611335e-06
Phyllobacterium,Genus,0.734177215189873,7.610765e-07
Tardibacter,Genus,0.734177215189873,4.86567e-07
Thermosipho,Genus,0.734177215189873,8.27879e-06
Baekduiaceae,Family,0.731645569620253,7.79059e-07
Baekduia,Genus,0.731645569620253,7.79059e-07
Melittangium,Genus,0.731645569620253,1.5261e-06
Ornithobacterium,Genus,0.731645569620253,3.19094e-06
Parashewanella,Genus,0.731645569620253,2.21813e-06
Rhodothermus,Genus,0.731645569620253,3.5992e-06
Riemerella,Genus,0.731645569620253,5.15127e-06
Egibacterales,Order,0.729113924050633,1.73736e-06
Desulfurococcaceae,Family,0.729113924050633,3.211086e-06
Egibacteraceae,Family,0.729113924050633,1.73736e-06
Ilumatobacteraceae,Family,0.729113924050633,8.015725e-07
Aquiflexum,Genus,0.729113924050633,4.01423e-06
Blastochloris,Genus,0.729113924050633,1.89663e-06
Ectothiorhodospira,Genus,0.729113924050633,2.172965e-06
Egibacter,Genus,0.729113924050633,1.73736e-06
Hoyosella,Genus,0.729113924050633,1.87467e-06
Ilumatobacter,Genus,0.729113924050633,8.015725e-07
Jannaschia,Genus,0.729113924050633,1.46536e-06
Roseobacter,Genus,0.729113924050633,5.55046e-06
Salinicola,Genus,0.729113924050633,8.85454e-07
Thermodesulfobacterium,Genus,0.729113924050633,3.66028e-06
Armatimonadetes,Phylum,0.726582278481013,3.39006e-06
Methanocellales,Order,0.726582278481013,3.94548e-06
Methanocellaceae,Family,0.726582278481013,3.94548e-06
Acetoanaerobium,Genus,0.726582278481013,1.23976e-05
Candidatus Gullanella,Genus,0.726582278481013,1.88627e-06
Chondromyces,Genus,0.726582278481013,1.68274e-06
Edaphobacter,Genus,0.726582278481013,3.10351e-06
Halothermothrix,Genus,0.726582278481013,3.43502e-06
Methanocella,Genus,0.726582278481013,3.94548e-06
Natronomonas,Genus,0.726582278481013,1.71524e-06
Olivibacter,Genus,0.726582278481013,2.56864e-06
Olleya,Genus,0.726582278481013,3.83804e-06
Thermocrinis,Genus,0.726582278481013,4.16838e-06
Emcibacterales,Order,0.724050632911392,3.137155e-06
Crocinitomicaceae,Family,0.724050632911392,1.684145e-06
Emcibacteraceae,Family,0.724050632911392,3.137155e-06
Vulgatibacteraceae,Family,0.724050632911392,2.120565e-06
Emcibacter,Genus,0.724050632911392,3.137155e-06
Fluviicola,Genus,0.724050632911392,1.684145e-06
Hyphobacterium,Genus,0.724050632911392,2.35914e-06
Roseimicrobium,Genus,0.724050632911392,2.156465e-06
Starkeya,Genus,0.724050632911392,2.54091e-06
Vulgatibacter,Genus,0.724050632911392,2.120565e-06
Calditrichaeota,Phylum,0.721518987341772,3.70082e-06
Calditrichae,Class,0.721518987341772,3.70082e-06
Acidothermales,Order,0.721518987341772,8.22757e-07
Calditrichales,Order,0.721518987341772,3.70082e-06
Acidothermaceae,Family,0.721518987341772,8.22757e-07
Calditrichaceae,Family,0.721518987341772,3.70082e-06
Syntrophobacteraceae,Family,0.721518987341772,5.43705e-06
Acidothermus,Genus,0.721518987341772,8.22757e-07
Caldithrix,Genus,0.721518987341772,3.70082e-06
Flintibacter,Genus,0.721518987341772,2.35519e-05
Jatrophihabitans,Genus,0.721518987341772,6.80826e-07
Lysinimonas,Genus,0.721518987341772,5.62218e-07
Orrella,Genus,0.721518987341772,1.66735e-06
Pseudolabrys,Genus,0.721518987341772,1.27757e-06
Skermanella,Genus,0.721518987341772,1.78979e-06
Solitalea,Genus,0.721518987341772,5.01771e-06
Melioribacteraceae,Family,0.718987341772152,5.236755e-06
Cardiobacterium,Genus,0.718987341772152,3.690675e-06
Crateriforma,Genus,0.718987341772152,1.312515e-06
Lacibacter,Genus,0.718987341772152,2.48012e-06
Melioribacter,Genus,0.718987341772152,5.236755e-06
Petrimonas,Genus,0.718987341772152,6.024645e-06
Phoenicibacter,Genus,0.718987341772152,6.86772e-06
Pimelobacter,Genus,0.718987341772152,1.541265e-06
Tistrella,Genus,0.718987341772152,1.60241e-06
Candidatus Brocadiae,Class,0.716455696202532,3.41074e-06
Limnochordia,Class,0.716455696202532,1.54642e-06
Candidatus Brocadiales,Order,0.716455696202532,3.41074e-06
Limnochordales,Order,0.716455696202532,1.54642e-06
Candidatus Brocadiaceae,Family,0.716455696202532,3.41074e-06
Cryomorphaceae,Family,0.716455696202532,1.43049e-06
Limnochordaceae,Family,0.716455696202532,1.54642e-06
Arenibacter,Genus,0.716455696202532,2.83302e-06
Candidatus Kuenenia,Genus,0.716455696202532,3.41074e-06
Limnochorda,Genus,0.716455696202532,1.54642e-06
Niveispirillum,Genus,0.716455696202532,1.71121e-06
Orbus,Genus,0.716455696202532,2.69344e-06
Owenweeksia,Genus,0.716455696202532,1.43049e-06
Solimonas,Genus,0.716455696202532,1.2195e-06
Endozoicomonadaceae,Family,0.713924050632911,1.944795e-06
Castellaniella,Genus,0.713924050632911,1.53737e-06
Croceicoccus,Genus,0.713924050632911,1.36707e-06
Endozoicomonas,Genus,0.713924050632911,1.944795e-06
Euzebyella,Genus,0.713924050632911,1.360425e-06
Mucinivorans,Genus,0.713924050632911,6.501085e-06
Tolumonas,Genus,0.713924050632911,2.465385e-06
Youhaiella,Genus,0.713924050632911,1.28804e-06
Zhihengliuella,Genus,0.713924050632911,6.36958e-07
Haliscomenobacteraceae,Family,0.711392405063291,3.46272e-06
Agarilytica,Genus,0.711392405063291,1.1415e-06
Anseongella,Genus,0.711392405063291,3.52275e-06
Cycloclasticus,Genus,0.711392405063291,1.26439e-06
Desulfobacter,Genus,0.711392405063291,6.56657e-06
Haliscomenobacter,Genus,0.711392405063291,3.46272e-06
Oxalobacter,Genus,0.711392405063291,2.95087e-06
Paludisphaera,Genus,0.711392405063291,1.52814e-06
Psychroflexus,Genus,0.711392405063291,3.27152e-06
Sneathia,Genus,0.711392405063291,2.64804e-06
Thioploca,Genus,0.711392405063291,2.71653e-06
Zobellella,Genus,0.711392405063291,2.35244e-06
Desulfurellales,Order,0.708860759493671,4.0111755e-06
Desulfurellaceae,Family,0.708860759493671,3.712319e-06
Marinilabiliaceae,Family,0.708860759493671,4.34767e-06
Alkalitalea,Genus,0.708860759493671,4.34767e-06
Basfia,Genus,0.708860759493671,2.79971e-06
Deferribacter,Genus,0.708860759493671,1.62243e-06
Filimonas,Genus,0.708860759493671,3.025865e-06
Halorhodospira,Genus,0.708860759493671,1.84431e-06
Simonsiella,Genus,0.708860759493671,6.18774e-07
Staphylospora,Genus,0.708860759493671,4.687055e-06
Xanthobacter,Genus,0.708860759493671,1.438585e-06
Zymobacter,Genus,0.708860759493671,6.532775e-07
Alienimonas,Genus,0.706329113924051,3.2175e-06
Changchengzhania,Genus,0.706329113924051,1.77127e-06
Litoreibacter,Genus,0.706329113924051,1.20515e-06
Methylobacillus,Genus,0.706329113924051,8.33137e-07
Neokomagataea,Genus,0.706329113924051,2.05974e-06
Nitrobacter,Genus,0.706329113924051,1.29968e-06
Oceanimonas,Genus,0.706329113924051,1.28912e-06
Panacibacter,Genus,0.706329113924051,3.07732e-06
Salinispira,Genus,0.706329113924051,6.54097e-06
Thermacetogenium,Genus,0.706329113924051,5.84627e-06
Thermobifida,Genus,0.706329113924051,1.35845e-06
Vogesella,Genus,0.706329113924051,3.30651e-06
Endomicrobia,Class,0.70379746835443,4.30331e-06
Actinopolysporales,Order,0.70379746835443,1.240255e-06
Endomicrobiales,Order,0.70379746835443,4.30331e-06
Acidimicrobiaceae,Family,0.70379746835443,5.26085e-07
Actinopolysporaceae,Family,0.70379746835443,1.240255e-06
Endomicrobiaceae,Family,0.70379746835443,4.30331e-06
Acidimicrobium,Genus,0.70379746835443,5.26085e-07
Actinopolyspora,Genus,0.70379746835443,1.240255e-06
Carboxydothermus,Genus,0.70379746835443,3.34086e-06
Defluviimonas,Genus,0.70379746835443,2.43023e-06
Dyadobacter,Genus,0.70379746835443,3.030925e-06
Endomicrobium,Genus,0.70379746835443,4.30331e-06
Kosmotoga,Genus,0.70379746835443,4.728605e-06
Methylovorus,Genus,0.70379746835443,2.26874e-06
Noviherbaspirillum,Genus,0.70379746835443,1.40579e-06
Thioflavicoccus,Genus,0.70379746835443,8.90981e-07
Thermomicrobia,Class,0.70126582278481,1.220835e-06
Anaerohalosphaeraceae,Family,0.70126582278481,2.00744e-06
Thioalkalispiraceae,Family,0.70126582278481,2.63151e-06
Anaerohalosphaera,Genus,0.70126582278481,2.00744e-06
Candidatus Protochlamydia,Genus,0.70126582278481,1.27119e-06
Cytophaga,Genus,0.70126582278481,4.69853e-06
Desulfotalea,Genus,0.70126582278481,3.40005e-06
Fuerstia,Genus,0.70126582278481,1.2195e-06
Gynuella,Genus,0.70126582278481,4.76994e-06
Paraoceanicella,Genus,0.70126582278481,2.30168e-06
Prauserella,Genus,0.70126582278481,6.60311e-07
Rubinisphaera,Genus,0.70126582278481,3.19392e-06
Stella,Genus,0.70126582278481,1.00591e-06
Stigmatella,Genus,0.70126582278481,1.31327e-06
Sulfurivermis,Genus,0.70126582278481,2.63151e-06
Caldilineae,Class,0.69873417721519,2.194285e-06
Caldilineales,Order,0.69873417721519,2.194285e-06
Caldilineaceae,Family,0.69873417721519,2.194285e-06
Lacipirellulaceae,Family,0.69873417721519,1.8504025e-06
Methanoregulaceae,Family,0.69873417721519,3.520855e-06
Alicycliphilus,Genus,0.69873417721519,1.03729e-06
Antarctobacter,Genus,0.69873417721519,2.06409e-06
Caldilinea,Genus,0.69873417721519,2.194285e-06
Desulfobacula,Genus,0.69873417721519,4.481855e-06
Ereboglobus,Genus,0.69873417721519,1.631305e-06
Hirschia,Genus,0.69873417721519,8.21103e-07
Magnetospira,Genus,0.69873417721519,1.711525e-06
Mesoflavibacter,Genus,0.69873417721519,2.407415e-06
Pelistega,Genus,0.69873417721519,1.90047e-06
Pontimonas,Genus,0.69873417721519,8.37587e-07
Protaetiibacter,Genus,0.69873417721519,5.411805e-07
Tepidanaerobacter,Genus,0.69873417721519,8.196295e-06
Silvanigrellales,Order,0.69620253164557,1.6168e-06
Silvanigrellaceae,Family,0.69620253164557,1.6168e-06
Tenuifilaceae,Family,0.69620253164557,1.48857e-06
Acidiphilium,Genus,0.69620253164557,1.29292e-06
Candidatus Halobonum,Genus,0.69620253164557,1.90675e-06
Chitinolyticbacter,Genus,0.69620253164557,9.72541e-07
Oceanispirochaeta,Genus,0.69620253164557,9.30051e-06
Sedimentisphaera,Genus,0.69620253164557,7.07726e-06
Silvanigrella,Genus,0.69620253164557,1.6168e-06
Sulfurifustis,Genus,0.69620253164557,7.0154e-07
Syntrophothermus,Genus,0.69620253164557,3.30562e-06
Tenuifilum,Genus,0.69620253164557,1.48857e-06
Thermodesulfatator,Genus,0.69620253164557,8.53123e-07
Urechidicola,Genus,0.69620253164557,2.16742e-06
Phycisphaerales,Order,0.693670886075949,1.53188e-06
Phycisphaeraceae,Family,0.693670886075949,1.53188e-06
Segniliparaceae,Family,0.693670886075949,7.860965e-07
Agarivorans,Genus,0.693670886075949,7.946e-07
Aminomonas,Genus,0.693670886075949,2.08036e-06
Aquicella,Genus,0.693670886075949,2.8979e-06
Caldanaerobacter,Genus,0.693670886075949,7.54912e-06
Geoalkalibacter,Genus,0.693670886075949,3.717075e-06
Granulibacter,Genus,0.693670886075949,5.006585e-06
Indioceanicola,Genus,0.693670886075949,2.027745e-06
Phycisphaera,Genus,0.693670886075949,1.53188e-06
Salipiger,Genus,0.693670886075949,7.010085e-07
Segniliparus,Genus,0.693670886075949,7.860965e-07
Thiocystis,Genus,0.693670886075949,1.134105e-06
Holosporaceae,Family,0.691139240506329,1.678086e-06
Methanomassiliicoccaceae,Family,0.691139240506329,3.572741e-06
Anaerolinea,Genus,0.691139240506329,1.53765e-06
Caballeronia,Genus,0.691139240506329,2.00744e-06
Candidatus Riesia,Genus,0.691139240506329,1.76367e-06
Desulfurivibrio,Genus,0.691139240506329,4.80117e-06
Flavivirga,Genus,0.691139240506329,2.14074e-06
Ketogulonicigenium,Genus,0.691139240506329,1.76584e-06
Leadbetterella,Genus,0.691139240506329,2.10665e-06
Luteolibacter,Genus,0.691139240506329,4.58521e-06
Pseudogulbenkiania,Genus,0.691139240506329,1.00148e-06
Pulveribacter,Genus,0.691139240506329,1.14793e-06
Swingsia,Genus,0.691139240506329,1.21057e-06
Syntrophomonas,Genus,0.691139240506329,3.85082e-06
Thiodictyon,Genus,0.691139240506329,1.74838e-06
Alkalilimnicola,Genus,0.688607594936709,9.19453e-07
Allopseudarcicella,Genus,0.688607594936709,1.8365e-06
Caminibacter,Genus,0.688607594936709,2.816755e-06
Roseivivax,Genus,0.688607594936709,1.297055e-06
Sulfurisphaera,Genus,0.688607594936709,1.692425e-06
Tuwongella,Genus,0.688607594936709,7.94408e-07
Zobellia,Genus,0.688607594936709,2.971675e-06
Azorhizobium,Genus,0.686075949367089,1.23362e-06
Candidatus Endolissoclinum,Genus,0.686075949367089,1.49777e-06
Candidatus Moranella,Genus,0.686075949367089,6.94195e-07
Laribacter,Genus,0.686075949367089,1.66844e-06
Mariniflexile,Genus,0.686075949367089,2.79182e-06
Metakosakonia,Genus,0.686075949367089,1.77785e-06
Methyloversatilis,Genus,0.686075949367089,2.08782e-06
Sediminispirochaeta,Genus,0.686075949367089,8.49319e-06
Seonamhaeicola,Genus,0.686075949367089,1.94977e-06
Tamlana,Genus,0.686075949367089,1.28047e-06
Ardenticatenia,Class,0.683544303797468,2.057175e-06
Tepidiformia,Class,0.683544303797468,2.25864e-06
Ardenticatenales,Order,0.683544303797468,2.057175e-06
Puniceicoccales,Order,0.683544303797468,9.445745e-07
Tepidiformales,Order,0.683544303797468,2.25864e-06
Ardenticatenaceae,Family,0.683544303797468,2.057175e-06
Bacteriovoracaceae,Family,0.683544303797468,1.922345e-06
Cohaesibacteraceae,Family,0.683544303797468,3.247e-06
Puniceicoccaceae,Family,0.683544303797468,9.445745e-07
Tepidiformaceae,Family,0.683544303797468,2.25864e-06
Bacteriovorax,Genus,0.683544303797468,1.922345e-06
Candidatus Promineofilum,Genus,0.683544303797468,2.057175e-06
Chelativorans,Genus,0.683544303797468,1.75352e-06
Coraliomargarita,Genus,0.683544303797468,9.445745e-07
Grimontia,Genus,0.683544303797468,1.46469e-06
Limnoglobus,Genus,0.683544303797468,1.917275e-06
Methanoregula,Genus,0.683544303797468,2.86633e-06
Oceanisphaera,Genus,0.683544303797468,8.606455e-07
Otariodibacter,Genus,0.683544303797468,9.266345e-07
Tepidiforma,Genus,0.683544303797468,2.25864e-06
Desulfarculales,Order,0.681012658227848,2.31784e-06
Desulfarculaceae,Family,0.681012658227848,2.28519e-06
Roseivirgaceae,Family,0.681012658227848,2.77385e-06
Salinivirgaceae,Family,0.681012658227848,2.40967e-06
Thiobacillaceae,Family,0.681012658227848,1.85006e-06
Desulfarculus,Genus,0.681012658227848,2.28519e-06
Glycocaulis,Genus,0.681012658227848,1.72964e-06
Herminiimonas,Genus,0.681012658227848,1.56964e-06
Lautropia,Genus,0.681012658227848,1.54332e-06
Limihaloglobus,Genus,0.681012658227848,2.2062e-06
Methylocella,Genus,0.681012658227848,1.49967e-06
Nibribacter,Genus,0.681012658227848,2.95635e-06
Pelolinea,Genus,0.681012658227848,3.30576e-06
Roseivirga,Genus,0.681012658227848,2.77385e-06
Salinivirga,Genus,0.681012658227848,2.40967e-06
Sediminicola,Genus,0.681012658227848,1.05076e-06
Simplicispira,Genus,0.681012658227848,1.71297e-06
Sulfurihydrogenibium,Genus,0.681012658227848,6.46454e-06
Syntrophobacter,Genus,0.681012658227848,4.56323e-06
Thermodesulfobiaceae,Family,0.678481012658228,3.25827e-06
Amniculibacterium,Genus,0.678481012658228,1.8942e-06
Anaplasma,Genus,0.678481012658228,2.62488e-06
Flavihumibacter,Genus,0.678481012658228,1.80287e-06
Kerstersia,Genus,0.678481012658228,3.24872e-06
Pseudoarcobacter,Genus,0.678481012658228,2.445025e-06
Pyrobaculum,Genus,0.678481012658228,1.228555e-06
Sinimarinibacterium,Genus,0.678481012658228,8.22179e-07
Thermodesulfobium,Genus,0.678481012658228,3.25827e-06
Aliiarcobacter,Genus,0.675949367088608,3.28131e-06
Mycetohabitans,Genus,0.675949367088608,5.41856e-07
Rhodomicrobium,Genus,0.675949367088608,1.74405e-06
Simkaniaceae,Family,0.673417721518987,6.808685e-07
Galbibacter,Genus,0.673417721518987,1.40374e-06
Petrotoga,Genus,0.673417721518987,3.151575e-06
Sagittula,Genus,0.673417721518987,8.85213e-07
Simkania,Genus,0.673417721518987,6.808685e-07
Thermanaerovibrio,Genus,0.673417721518987,3.09669e-06
Salinisphaerales,Order,0.670886075949367,8.81541e-07
Salinisphaeraceae,Family,0.670886075949367,8.81541e-07
Bradymonas,Genus,0.670886075949367,2.12476e-06
Cloacibacterium,Genus,0.670886075949367,1.51086e-06
Curvibacter,Genus,0.670886075949367,9.74797e-07
Denitrovibrio,Genus,0.670886075949367,2.98702e-06
Halosimplex,Genus,0.670886075949367,1.06326e-06
Luteibacter,Genus,0.670886075949367,2.8621e-06
Nitrososphaera,Genus,0.670886075949367,2.14513e-06
Parasphingopyxis,Genus,0.670886075949367,2.00709e-06
Salinisphaera,Genus,0.670886075949367,8.81541e-07
Sulfuricella,Genus,0.670886075949367,8.85528e-07
Sulfuritalea,Genus,0.670886075949367,1.89782e-06
Syntrophus,Genus,0.670886075949367,3.10688e-06
Woeseiaceae,Family,0.668354430379747,9.451715e-07
Halotalea,Genus,0.668354430379747,9.80026e-07
Methylophilus,Genus,0.668354430379747,1.53878e-06
Robiginitalea,Genus,0.668354430379747,1.5554e-06
Roseimaritima,Genus,0.668354430379747,1.522215e-06
Woeseia,Genus,0.668354430379747,9.451715e-07
Desulfurobacteriales,Order,0.665822784810127,6.119792e-06
Desulfurobacteriaceae,Family,0.665822784810127,6.119792e-06
Candidatus Desulforudis,Genus,0.665822784810127,2.86224e-06
Candidatus Doolittlea,Genus,0.665822784810127,6.59035e-07
Gillisia,Genus,0.665822784810127,1.88071e-06
Methanohalophilus,Genus,0.665822784810127,2.08555e-06
Nibricoccus,Genus,0.665822784810127,1.35184e-06
Snodgrassella,Genus,0.665822784810127,1.58376e-06
Trueperales,Order,0.663291139240506,1.174095e-06
Trueperaceae,Family,0.663291139240506,1.174095e-06
Aureitalea,Genus,0.663291139240506,1.0221135e-06
Gluconacetobacter,Genus,0.663291139240506,1.263645e-06
Halomicrobium,Genus,0.663291139240506,8.36995e-07
Haloterrigena,Genus,0.663291139240506,1.37711e-06
Marinithermus,Genus,0.663291139240506,1.02386e-06
Microvirgula,Genus,0.663291139240506,2.01559e-06
Mycolicibacillus,Genus,0.663291139240506,7.778425e-07
Truepera,Genus,0.663291139240506,1.174095e-06
Thermosediminibacteraceae,Family,0.660759493670886,5.00984e-06
Arcticibacterium,Genus,0.660759493670886,2.21819e-06
Candidatus Cytomitobacter,Genus,0.660759493670886,1.318e-06
Dokdonella,Genus,0.660759493670886,1.18795e-06
Halorhabdus,Genus,0.660759493670886,8.49319e-07
Lacunisphaera,Genus,0.660759493670886,2.10846e-06
Persephonella,Genus,0.660759493670886,1.214e-06
Pseudothermotoga,Genus,0.660759493670886,4.66355e-06
Pseudovibrio,Genus,0.660759493670886,1.7079e-06
Roseitalea,Genus,0.660759493670886,9.01532e-07
Thermosediminibacter,Genus,0.660759493670886,5.00984e-06
Allofrancisella,Genus,0.658227848101266,4.695245e-06
Desulfomonile,Genus,0.658227848101266,1.755445e-06
Melaminivora,Genus,0.658227848101266,1.003305e-06
Methanolacinia,Genus,0.658227848101266,2.53359e-06
Oleispira,Genus,0.658227848101266,5.392085e-07
Pararhodospirillum,Genus,0.658227848101266,7.66696e-07
Tabrizicola,Genus,0.658227848101266,9.91582e-07
Candidatus Koribacter,Genus,0.655696202531646,2.08328e-06
Desulfocurvibacter,Genus,0.655696202531646,3.32382e-06
Ferrovibrio,Genus,0.655696202531646,1.67083e-06
Frischella,Genus,0.655696202531646,2.83283e-06
Limnobacter,Genus,0.655696202531646,9.60999e-07
Methanomassiliicoccus,Genus,0.655696202531646,3.16406e-06
Oceanihabitans,Genus,0.655696202531646,1.77523e-06
Serpentinomonas,Genus,0.655696202531646,2.00709e-06
Sulfuricurvum,Genus,0.655696202531646,1.03212e-06
Hydrogenobacter,Genus,0.653164556962025,1.88258e-06
Monaibacterium,Genus,0.653164556962025,1.528025e-06
Oricola,Genus,0.653164556962025,1.275675e-06
Rhodoplanes,Genus,0.653164556962025,9.366215e-07
Siansivirga,Genus,0.653164556962025,1.92163e-06
Thalassococcus,Genus,0.653164556962025,7.8286e-07
Thalassolituus,Genus,0.653164556962025,1.204535e-06
Thioalkalibacteraceae,Family,0.650632911392405,1.96287e-06
Ahniella,Genus,0.650632911392405,1.34207e-06
Aquaspirillum,Genus,0.650632911392405,1.19636e-06
Guyparkeria,Genus,0.650632911392405,1.96287e-06
Lacimicrobium,Genus,0.650632911392405,2.7754e-06
Mameliella,Genus,0.650632911392405,2.2062e-06
Mycoavidus,Genus,0.650632911392405,1.10886e-06
Pistricoccus,Genus,0.650632911392405,8.54279e-07
Saccharophagus,Genus,0.650632911392405,8.43188e-07
Saccharospirillum,Genus,0.650632911392405,1.09733e-06
Salaquimonas,Genus,0.650632911392405,2.80887e-06
Sterolibacterium,Genus,0.650632911392405,1.25378e-06
Thermanaeromonas,Genus,0.650632911392405,3.94549e-06
Kiritimatiellaeota,Phylum,0.648101265822785,1.8328e-06
Kiritimatiellae,Class,0.648101265822785,1.8328e-06
Acidilobales,Order,0.648101265822785,1.56384e-06
Kiritimatiellales,Order,0.648101265822785,1.8328e-06
Kiritimatiellaceae,Family,0.648101265822785,1.8328e-06
Candidatus Ishikawaella,Genus,0.648101265822785,7.805505e-07
Candidatus Nitrosocosmicus,Genus,0.648101265822785,1.24066e-06
Kiritimatiella,Genus,0.648101265822785,1.8328e-06
Marichromatium,Genus,0.648101265822785,1.330745e-06
Methanoculleus,Genus,0.648101265822785,2.688025e-06
Paraphotobacterium,Genus,0.648101265822785,1.671925e-06
Pelagibaca,Genus,0.648101265822785,1.120405e-06
Permianibacter,Genus,0.648101265822785,7.798595e-07
Costertonia,Genus,0.645569620253165,7.5322e-07
Defluviitoga,Genus,0.645569620253165,1.98413e-06
Maricaulis,Genus,0.645569620253165,4.59185e-07
Pseudolysobacter,Genus,0.645569620253165,1.69864e-06
Silicimonas,Genus,0.645569620253165,3.89919e-07
Elusimicrobia,Class,0.643037974683544,1.977725e-06
Elusimicrobiales,Order,0.643037974683544,1.977725e-06
Candidatus Desulfofervidaceae,Family,0.643037974683544,1.84425e-06
Elusimicrobiaceae,Family,0.643037974683544,1.977725e-06
Oleiphilaceae,Family,0.643037974683544,1.69368e-06
Bergeyella,Genus,0.643037974683544,1.60277e-06
Candidatus Desulfofervidus,Genus,0.643037974683544,1.84425e-06
Elusimicrobium,Genus,0.643037974683544,1.977725e-06
Oleiphilus,Genus,0.643037974683544,1.69368e-06
Orientia,Genus,0.643037974683544,1.928445e-06
Pseudorhodobacter,Genus,0.643037974683544,2.63338e-06
Reinekea,Genus,0.643037974683544,1.050545e-06
Terasakiella,Genus,0.643037974683544,2.880185e-06
Fimbriimonadia,Class,0.640506329113924,2.76958e-06
Fimbriimonadales,Order,0.640506329113924,2.76958e-06
Fimbriimonadaceae,Family,0.640506329113924,2.76958e-06
Candidatus Methylospira,Genus,0.640506329113924,8.61944e-07
Desulfurella,Genus,0.640506329113924,1.8001e-06
Fimbriimonas,Genus,0.640506329113924,2.76958e-06
Muriicola,Genus,0.640506329113924,1.93986e-06
Oblitimonas,Genus,0.640506329113924,1.07383e-06
Spongiibacter,Genus,0.640506329113924,1.10568e-06
Sphaerobacterales,Order,0.637974683544304,1.061095e-06
Sphaerobacteraceae,Family,0.637974683544304,1.061095e-06
Bermanella,Genus,0.637974683544304,9.180005e-07
Brevefilum,Genus,0.637974683544304,1.246665e-06
Calditerrivibrio,Genus,0.637974683544304,2.60727e-06
Candidatus Carsonella,Genus,0.637974683544304,4.293025e-07
Commensalibacter,Genus,0.637974683544304,1.566655e-06
Crenobacter,Genus,0.637974683544304,9.434515e-07
Haematobacter,Genus,0.637974683544304,1.08072e-06
Lentilitoribacter,Genus,0.637974683544304,1.702855e-06
Parasedimentitalea,Genus,0.637974683544304,1.3661e-06
Salinarchaeum,Genus,0.637974683544304,4.41486e-07
Sphaerobacter,Genus,0.637974683544304,1.061095e-06
Steroidobacteraceae,Family,0.635443037974683,1.67417e-06
Wenzhouxiangellaceae,Family,0.635443037974683,1.41642e-06
Ciceribacter,Genus,0.635443037974683,6.68083e-07
Jeongeupia,Genus,0.635443037974683,7.57185e-07
Mariniblastus,Genus,0.635443037974683,1.5227e-06
Paenarthrobacter,Genus,0.635443037974683,6.10525e-07
Pseudohalocynthiibacter,Genus,0.635443037974683,2.26726e-06
Steroidobacter,Genus,0.635443037974683,1.67417e-06
Weeksella,Genus,0.635443037974683,1.19113e-06
Wenzhouxiangella,Genus,0.635443037974683,1.41642e-06
Chthonomonadetes,Class,0.632911392405063,1.11589e-06
Chthonomonadales,Order,0.632911392405063,1.11589e-06
Chthonomonadaceae,Family,0.632911392405063,1.11589e-06
Thermoguttaceae,Family,0.632911392405063,1.95464e-06
Aerosticca,Genus,0.632911392405063,8.149975e-07
Blastomonas,Genus,0.632911392405063,9.298405e-07
Chthonomonas,Genus,0.632911392405063,1.11589e-06
Iodobacter,Genus,0.632911392405063,1.749455e-06
Methanococcoides,Genus,0.632911392405063,3.118735e-06
Methylosinus,Genus,0.632911392405063,1.09341e-06
Natrarchaeobaculum,Genus,0.632911392405063,8.837985e-07
Thermogutta,Genus,0.632911392405063,1.95464e-06
Desulfohalobiaceae,Family,0.630379746835443,3.09987e-06
Acidisarcina,Genus,0.630379746835443,2.95087e-06
Boseongicola,Genus,0.630379746835443,8.01248e-07
Brevirhabdus,Genus,0.630379746835443,6.84609e-07
Candidatus Nitrotoga,Genus,0.630379746835443,2.22378e-06
Desulfohalobium,Genus,0.630379746835443,3.09987e-06
Flagellimonas,Genus,0.630379746835443,1.82237e-06
Marinovum,Genus,0.630379746835443,1.20328e-06
Metallosphaera,Genus,0.630379746835443,1.45351e-06
Oligotropha,Genus,0.630379746835443,8.90864e-07
Psychroserpens,Genus,0.630379746835443,2.12513e-06
Sandaracinobacter,Genus,0.630379746835443,6.33928e-07
Thermodesulfovibrio,Genus,0.630379746835443,3.60357e-06
Saprospiraceae,Family,0.627848101265823,1.483635e-06
Methylovulum,Genus,0.627848101265823,9.12641e-07
Saprospira,Genus,0.627848101265823,1.483635e-06
Ammonifex,Genus,0.625316455696203,1.53882e-06
Arenimonas,Genus,0.625316455696203,7.99389e-07
Kineobactrum,Genus,0.625316455696203,1.76814e-06
Parvibaculum,Genus,0.625316455696203,9.77971e-07
Desulfocapsa,Genus,0.622784810126582,3.577085e-06
Desulfoglaeba,Genus,0.622784810126582,1.652865e-06
Flexistipes,Genus,0.622784810126582,4.08556e-06
Gemmobacter,Genus,0.622784810126582,1.070135e-06
Sulfuricaulis,Genus,0.622784810126582,1.693775e-06
Vespertiliibacter,Genus,0.622784810126582,6.969695e-07
Caldiserica,Phylum,0.620253164556962,1.55737e-06
Caldisericia,Class,0.620253164556962,1.55737e-06
Caldisericales,Order,0.620253164556962,1.55737e-06
Caldisericaceae,Family,0.620253164556962,1.55737e-06
Ferroplasmaceae,Family,0.620253164556962,5.85973e-07
Methanocorpusculaceae,Family,0.620253164556962,2.58279e-06
Acidiferrobacter,Genus,0.620253164556962,5.46999e-07
Beggiatoa,Genus,0.620253164556962,1.15346e-06
Caldisericum,Genus,0.620253164556962,1.55737e-06
Cohaesibacter,Genus,0.620253164556962,3.252e-06
Conchiformibius,Genus,0.620253164556962,1.60703e-06
Desulfurobacterium,Genus,0.620253164556962,5.03426e-06
Ferroplasma,Genus,0.620253164556962,5.85973e-07
Methanocorpusculum,Genus,0.620253164556962,2.58279e-06
Pyruvatibacter,Genus,0.620253164556962,5.95222e-07
Sideroxydans,Genus,0.620253164556962,1.22666e-06
Litoricolaceae,Family,0.617721518987342,7.164425e-07
Candidatus Symbiobacter,Genus,0.617721518987342,1.464815e-06
Cnuibacter,Genus,0.617721518987342,4.4642e-07
Dinoroseobacter,Genus,0.617721518987342,8.64486e-07
Filomicrobium,Genus,0.617721518987342,1.946325e-06
Isosphaera,Genus,0.617721518987342,1.429235e-06
Litoricola,Genus,0.617721518987342,7.164425e-07
Natronorubrum,Genus,0.617721518987342,9.6414e-07
Oryzomicrobium,Genus,0.617721518987342,1.22976e-06
Simiduia,Genus,0.617721518987342,7.868145e-07
Magnetococcales,Order,0.615189873417721,3.76395e-06
Magnetococcaceae,Family,0.615189873417721,3.76395e-06
Gilvibacter,Genus,0.615189873417721,2.07926e-06
Gimesia,Genus,0.615189873417721,8.10688e-07
Halorussus,Genus,0.615189873417721,7.1907e-07
Magnetococcus,Genus,0.615189873417721,3.76395e-06
Methanofollis,Genus,0.615189873417721,1.22323e-06
Neorickettsia,Genus,0.615189873417721,8.53123e-07
Planctopirus,Genus,0.615189873417721,3.31779e-06
Spartinivicinus,Genus,0.615189873417721,1.83539e-06
Hydrogenophilalia,Class,0.612658227848101,8.886935e-07
Hydrogenophilales,Order,0.612658227848101,8.886935e-07
Hydrogenophilaceae,Family,0.612658227848101,8.886935e-07
Lichenihabitantaceae,Family,0.612658227848101,8.673325e-07
Thermofilaceae,Family,0.612658227848101,6.4752e-07
Bremerella,Genus,0.612658227848101,1.062875e-06
Hippea,Genus,0.612658227848101,1.877065e-06
Hydrogenophilus,Genus,0.612658227848101,8.886935e-07
Lawsonia,Genus,0.612658227848101,2.24131e-06
Lichenihabitans,Genus,0.612658227848101,8.673325e-07
Neoasaia,Genus,0.612658227848101,6.25468e-07
Thermofilum,Genus,0.612658227848101,6.4752e-07
Yoonia,Genus,0.612658227848101,1.098915e-06
Tateyamaria,Genus,0.610126582278481,5.41948e-07
Thiobacillus,Genus,0.610126582278481,1.11924e-06
Acidibrevibacterium,Genus,0.607594936708861,7.39703e-07
Roseibacterium,Genus,0.607594936708861,1.89106e-06
Sphingosinithalassobacter,Genus,0.607594936708861,1.86537e-06
Wigglesworthia,Genus,0.607594936708861,9.727475e-07
Asaia,Genus,0.605063291139241,1.11209e-06
Congregibacter,Genus,0.605063291139241,8.82101e-07
Deefgea,Genus,0.605063291139241,1.10229e-06
Desulfobacca,Genus,0.605063291139241,2.18095e-06
Ferriphaselus,Genus,0.605063291139241,1.25538e-06
Halopiger,Genus,0.605063291139241,6.28827e-07
Leeuwenhoekiella,Genus,0.605063291139241,2.97048e-06
Zhongshania,Genus,0.605063291139241,1.16635e-06
Maritalea,Genus,0.60253164556962,2.49861e-06
Methanolobus,Genus,0.60253164556962,4.488345e-06
Singulisphaera,Genus,0.60253164556962,1.12991e-06
Basilea,Genus,0.6,6.54842e-07
Haloquadratum,Genus,0.6,8.49319e-07
Halorientalis,Genus,0.6,4.97439e-07
Lacipirellula,Genus,0.6,9.66811e-07
Methanothermobacter,Genus,0.6,1.30214e-06
Candidatus Paracaedibacteraceae,Family,0.59746835443038,9.013625e-07
Candidatus Nitrosoglobus,Genus,0.59746835443038,9.68065e-07
Candidatus Paracaedibacter,Genus,0.59746835443038,9.013625e-07
Gallionella,Genus,0.59746835443038,2.23014e-06
Litorilituus,Genus,0.59746835443038,1.320325e-06
Oceanicoccus,Genus,0.59746835443038,6.670275e-07
Thalassobius,Genus,0.59746835443038,6.249905e-07
Enterovibrio,Genus,0.594936708860759,6.98299e-07
Thermosulfurimonas,Genus,0.594936708860759,1.39969e-06
Acetomicrobium,Genus,0.592405063291139,1.640825e-06
Nitrincola,Genus,0.592405063291139,1.119285e-06
Rickettsiella,Genus,0.592405063291139,3.10775e-07
Turneriella,Genus,0.592405063291139,7.615e-07
Sulfuritortus,Genus,0.589873417721519,9.5948e-07
Mesoaciditogales,Order,0.587341772151899,2.21508e-06
Candidatus Midichloriaceae,Family,0.587341772151899,9.87873e-07
Mesoaciditogaceae,Family,0.587341772151899,2.21508e-06
Athalassotoga,Genus,0.587341772151899,2.21508e-06
Kozakia,Genus,0.587341772151899,7.62017e-07
Thermovirga,Genus,0.587341772151899,2.411085e-06
Bythopirellula,Genus,0.584810126582278,1.26601e-06
Candidatus Phaeomarinobacter,Genus,0.584810126582278,1.71812e-06
Chromohalobacter,Genus,0.584810126582278,6.87074e-07
Hylemonella,Genus,0.584810126582278,1.13496e-06
Pelagibacterium,Genus,0.584810126582278,1.91888e-06
Terricaulis,Genus,0.584810126582278,1.45673e-06
Thermosulfuriphilus,Genus,0.584810126582278,2.49457e-06
Cetia,Genus,0.582278481012658,2.255215e-06
Methylovirgula,Genus,0.582278481012658,5.952555e-07
Thioclava,Genus,0.582278481012658,1.257055e-06
Altibacter,Genus,0.579746835443038,1.71114e-06
Alysiella,Genus,0.579746835443038,5.51852e-07
Confluentimicrobium,Genus,0.579746835443038,9.71156e-07
Paenalcaligenes,Genus,0.579746835443038,9.21899e-07
Salinigranum,Genus,0.579746835443038,5.73054e-07
Allochromatium,Genus,0.577215189873418,5.390775e-07
Rhodobaca,Genus,0.577215189873418,1.92365e-06
Aminobacterium,Genus,0.574683544303797,2.30364e-06
Beijerinckia,Genus,0.572151898734177,6.418345e-07
Breoghania,Genus,0.572151898734177,7.375795e-07
Candidatus Amoebophilus,Genus,0.572151898734177,1.177945e-06
Chloroherpeton,Genus,0.572151898734177,1.96086e-06
Croceibacter,Genus,0.572151898734177,2.20897e-06
Methanohalobium,Genus,0.572151898734177,1.40895e-06
Pyrodictiaceae,Family,0.569620253164557,9.028328e-07
Oligella,Genus,0.569620253164557,1.02344e-06
Variibacter,Genus,0.569620253164557,6.52281e-07
Candidatus Methanomethylophilaceae,Family,0.567088607594937,8.423105e-07
Candidatus Methanomethylophilus,Genus,0.567088607594937,8.423105e-07
Georhizobium,Genus,0.567088607594937,7.80638e-07
Methanospirillaceae,Family,0.564556962025316,3.87568e-06
Candidatus Hoaglandella,Genus,0.564556962025316,2.70045e-07
Candidatus Tachikawaea,Genus,0.564556962025316,3.92097e-07
Methanospirillum,Genus,0.564556962025316,3.87568e-06
Rhizorhabdus,Genus,0.564556962025316,1.17195e-06
Rhodopirellula,Genus,0.562025316455696,1.15527e-06
Aromatoleum,Genus,0.559493670886076,7.36103e-07
Candidatus Babeliae,Class,0.556962025316456,8.30731e-07
Candidatus Babeliales,Order,0.556962025316456,8.30731e-07
Candidatus Babeliaceae,Family,0.556962025316456,8.30731e-07
Bacterioplanes,Genus,0.556962025316456,6.359805e-07
Candidatus Babela,Genus,0.556962025316456,6.94479e-07
Fluoribacter,Genus,0.556962025316456,1.721695e-06
Halapricum,Genus,0.556962025316456,7.3362e-07
Halocynthiibacter,Genus,0.556962025316456,1.81851e-06
Marivivens,Genus,0.556962025316456,7.323525e-07
Oceanithermus,Genus,0.556962025316456,1.405e-06
Tatlockia,Genus,0.556962025316456,1.48575e-06
Wolinella,Genus,0.554430379746835,1.27757e-06
Candidatus Fonsibacter,Genus,0.551898734177215,7.914655e-07
Desulfurococcus,Genus,0.551898734177215,9.498165e-07
Methanoplanus,Genus,0.551898734177215,2.493245e-06
Coprothermobacterota,Phylum,0.549367088607595,8.86911e-07
Coprothermobacteria,Class,0.549367088607595,8.86911e-07
Coprothermobacterales,Order,0.549367088607595,8.86911e-07
Thermomicrobiales,Order,0.549367088607595,5.41948e-07
Coprothermobacteraceae,Family,0.549367088607595,8.86911e-07
Thermomicrobiaceae,Family,0.549367088607595,5.41948e-07
Bombella,Genus,0.549367088607595,9.13454e-07
Coprothermobacter,Genus,0.549367088607595,8.86911e-07
Dehalogenimonas,Genus,0.549367088607595,3.08011e-06
Ephemeroptericola,Genus,0.549367088607595,7.45919e-07
Halobiforma,Genus,0.549367088607595,6.93254e-07
Halogeometricum,Genus,0.549367088607595,4.15852e-07
Maribius,Genus,0.549367088607595,8.12783e-07
Staphylothermus,Genus,0.549367088607595,1.26263e-06
Thermomicrobium,Genus,0.549367088607595,5.41948e-07
Halovivax,Genus,0.546835443037975,6.313775e-07
Methanomethylovorans,Genus,0.546835443037975,1.92797e-06
Halarchaeum,Genus,0.544303797468354,4.63568e-07
Geoglobus,Genus,0.539240506329114,2.78804e-06
Caedimonadaceae,Family,0.536708860759494,3.890555e-07
Candidatus Nucleicultrix,Genus,0.536708860759494,3.890555e-07
Candidatus Sneabacter,Genus,0.536708860759494,4.23673e-07
Methanosalsum,Genus,0.536708860759494,2.062915e-06
Novosphingopyxis,Genus,0.536708860759494,8.516515e-07
Thermoproteus,Genus,0.536708860759494,7.377225e-07
Methanotorris,Genus,0.534177215189873,2.57083e-06
Caldimicrobium,Genus,0.531645569620253,1.3655e-06
Candidatus Phycorickettsia,Genus,0.531645569620253,9.22925e-07
Candidatus Purcelliella,Genus,0.531645569620253,2.299225e-07
Ferroglobus,Genus,0.531645569620253,1.09083e-06
Haematospirillum,Genus,0.531645569620253,1.311645e-06
Neochlamydia,Genus,0.531645569620253,1.22886e-06
Acidilobaceae,Family,0.529113924050633,5.56751e-07
Ichthyobacteriaceae,Family,0.529113924050633,6.21094e-07
Acidilobus,Genus,0.529113924050633,5.56751e-07
Frederiksenia,Genus,0.529113924050633,6.00033e-07
Ichthyobacterium,Genus,0.529113924050633,6.21094e-07
Thermovibrio,Genus,0.529113924050633,9.62005e-07
Parvularculales,Order,0.526582278481013,4.28334e-07
Parvularculaceae,Family,0.526582278481013,4.28334e-07
Picrophilaceae,Family,0.526582278481013,9.717765e-07
Candidatus Hepatoplasma,Genus,0.526582278481013,6.1982e-07
Entomomonas,Genus,0.526582278481013,1.02285e-06
Halolamina,Genus,0.526582278481013,5.27781e-07
Parvularcula,Genus,0.526582278481013,4.28334e-07
Picrophilus,Genus,0.526582278481013,9.717765e-07
Caldisphaeraceae,Family,0.524050632911392,9.6406e-07
Waddliaceae,Family,0.524050632911392,8.40605e-07
Caldisphaera,Genus,0.524050632911392,9.6406e-07
Waddlia,Genus,0.524050632911392,8.40605e-07
Citromicrobium,Genus,0.521518987341772,1.20919e-06
Natronobacterium,Genus,0.521518987341772,4.409205e-07
Methanothermococcus,Genus,0.518987341772152,1.80081e-06
Frateuria,Genus,0.513924050632911,8.33675e-07
Halostagnicola,Genus,0.513924050632911,4.76008e-07
Saccharolobus,Genus,0.513924050632911,4.12406e-07
Cuniculiplasmataceae,Family,0.511392405063291,8.335535e-07
Cuniculiplasma,Genus,0.511392405063291,8.335535e-07
Halobellus,Genus,0.511392405063291,4.78353e-07
Thermoplasmataceae,Family,0.506329113924051,8.794995e-07
Halopenitus,Genus,0.506329113924051,2.68325e-07
Parasaccharibacter,Genus,0.506329113924051,6.823135e-07
Thermoplasma,Genus,0.506329113924051,8.794995e-07
Candidatus Midichloria,Genus,0.50379746835443,8.35126e-07
Planktomarina,Genus,0.50379746835443,6.98299e-07
Natrialba,Genus,0.50126582278481,4.82959e-07
Methanothermaceae,Family,0.49873417721519,7.9065e-07
Methanothermus,Genus,0.49873417721519,7.9065e-07
Dichelobacter,Genus,0.49620253164557,4.681165e-07
Halostella,Genus,0.493670886075949,5.61693e-07
Palaeococcus,Genus,0.493670886075949,9.90319e-07
Natronococcus,Genus,0.491139240506329,3.390495e-07
Candidatus Evansia,Genus,0.488607594936709,8.80686e-07
Candidatus Methanoplasma,Genus,0.488607594936709,8.24899e-07
Fervidicoccales,Order,0.486075949367089,4.22151e-07
Fervidicoccaceae,Family,0.486075949367089,4.22151e-07
Fervidicoccus,Genus,0.486075949367089,4.22151e-07
Vulcanisaeta,Genus,0.486075949367089,3.04924e-06
Methanosphaerula,Genus,0.481012658227848,7.15597e-07
Stygiolobus,Genus,0.481012658227848,2.548225e-06
Candidatus Deianiraeaceae,Family,0.478481012658228,9.80138e-07
Candidatus Deianiraea,Genus,0.478481012658228,9.80138e-07
Aeropyrum,Genus,0.473417721518987,3.00821e-07
Salarchaeum,Genus,0.473417721518987,3.09045e-07
Candidatus Portiera,Genus,0.468354430379747,2.95852e-07
Halodesulfurarchaeum,Genus,0.468354430379747,4.07054e-07
Haloprofundus,Genus,0.460759493670886,3.79927e-07
Massilistercora,Genus,0.458227848101266,3.93163e-06
Candidatus Nitrosocaldales,Order,0.450632911392405,3.73186e-07
Candidatus Nitrosocaldaceae,Family,0.450632911392405,3.73186e-07
Candidatus Nitrosocaldus,Genus,0.450632911392405,3.73186e-07
Methanopyri,Class,0.448101265822785,4.39329e-07
Methanopyrales,Order,0.448101265822785,4.39329e-07
Methanopyraceae,Family,0.448101265822785,4.39329e-07
Methanopyrus,Genus,0.448101265822785,4.39329e-07
Aquifex,Genus,0.443037974683544,1.00376e-06
Pajaroellobacter,Genus,0.443037974683544,1.18722e-06
Sulfodiicoccus,Genus,0.437974683544304,5.92987e-07
Halalkalicoccus,Genus,0.432911392405063,6.83349e-07
Halanaeroarchaeum,Genus,0.432911392405063,3.32592e-07
Qipengyuania,Genus,0.430379746835443,4.61211e-07
Sulfuracidifex,Genus,0.422784810126582,7.44077e-07
Candidatus Mikella,Genus,0.417721518987342,2.18345e-07
Candidatus Annandia,Genus,0.410126582278481,2.370165e-07
Candidatus Nesciobacter,Genus,0.40253164556962,5.62125e-07
Pyrolobus,Genus,0.392405063291139,8.35403e-07
Thermogladius,Genus,0.389873417721519,4.28358e-07
Pyrodictium,Genus,0.374683544303797,3.518815e-07
Caldivirga,Genus,0.354430379746835,2.326865e-07
Candidatus Fokinia,Genus,0.354430379746835,4.947535e-07
Ignicoccus,Genus,0.354430379746835,3.8512e-07
Thermosphaera,Genus,0.341772151898734,3.67322e-07
Chroococcidiopsidales,Order,0.283544303797468,7.896595e-07
Chroococcidiopsidaceae,Family,0.283544303797468,7.896595e-07
Chroococcidiopsis,Genus,0.283544303797468,7.896595e-07
Gloeoemargaritales,Order,0.278481012658228,1.81158e-06
Gloeomargaritaceae,Family,0.278481012658228,1.81158e-06
Gloeomargarita,Genus,0.278481012658228,1.81158e-06
Candidatus Saccharibacteria,Phylum,0.263291139240506,7.573985e-07
Candidatus Izimaplasma,Genus,0.250632911392405,3.07559e-07
Hyperthermus,Genus,0.230379746835443,2.45034e-07
Sulfobacillus,Genus,0.192405063291139,2.56364e-07
Candidatus Gracilibacteria,Phylum,0.189873417721519,1.34806e-06
Nitrosopumilales,Order,0.169620253164557,2.243181e-06
Nitrosopumilaceae,Family,0.169620253164557,2.243181e-06
Nitrosopumilus,Genus,0.156962025316456,1.383395e-06
Pleurocapsales,Order,0.139240506329114,2.91588e-06
Dermocarpellaceae,Family,0.136708860759494,2.42669e-06
Stanieria,Genus,0.136708860759494,2.42669e-06
Fibrisoma,Genus,0.134177215189873,3.29497e-07
Microscillaceae,Family,0.116455696202532,1.75562e-06
Microscilla,Genus,0.116455696202532,1.75562e-06
Candidatus Bipolaricaulota,Phylum,0.10379746835443,3.76411e-07
Hyellaceae,Family,0.10379746835443,8.01362e-07
Nitrosarchaeum,Genus,0.10379746835443,6.57735e-07
Pleurocapsa,Genus,0.10379746835443,8.01362e-07
Criblamydiaceae,Family,0.0987341772151899,1.72667e-07
Candidatus Nitrosomarinus,Genus,0.0936708860759494,1.6114e-07
Vampirococcus,Genus,0.0835443037974684,4.06202e-07
Acutalibacter,Genus,0.0734177215189873,2.87179e-07
Criblamydia,Genus,0.0734177215189873,1.08969e-07
Estrella,Genus,0.030379746835443,1.769185e-07
Fastidiosibacteraceae,Family,0.00759493670886076,1.459e-06
Caedibacter,Genus,0.00759493670886076,1.459e-06
Couchioplanes,Genus,0.00506329113924051,1.244358e-07
Synechococcales,Order,0.00253164556962025,2.6854e-07
Synechococcaceae,Family,0.00253164556962025,2.6854e-07
Synechococcus,Genus,0.00253164556962025,2.6854e-07
